"person_id","name","total_years","seniority_level","skills_detected","skill_count"
"R_1",NA,16,"Lead","java, javascript, go, r, shell scripting, html, html5, css, css3, xml, ajax, rest, soap, angular, angularjs, node, jquery, ember, spring, spring mvc, spring security, hibernate, jpa, struts, jsf, ejb, jsp, servlet, sql, mysql, postgresql, oracle, sql server, mongodb, cassandra, db2, aws, s3, jenkins, git, github, svn, junit, cucumber, mockito, maven, gradle, ant, crystal reports, jasper reports, pentaho, agile, waterfall, soa, linux, unix, windows, solaris, aix, jira, excel, visio, etl, ssis, jersey",65
"R_2",NA,NA,"Unknown","java, python, javascript, c\+\+, scala, groovy, go, r, html, html5, css, css3, xml, json, ajax, rest, soap, angular, angularjs, node, nodejs, express, jquery, ember, dojo, spring, spring boot, spring mvc, spring security, hibernate, struts, jsf, ejb, jsp, servlet, apache camel, sql, mysql, postgresql, oracle, sql server, mongodb, cassandra, redis, db2, aws, google cloud, ec2, s3, lambda, cloud foundry, docker, jenkins, git, github, svn, junit, mockito, maven, gradle, ant, agile, soa, linux, unix, windows, jira, excel, visio, soapui, soap ui, apache cxf, jersey",73
"R_3",NA,16,"Lead","scala, go, r, less, ember, ant, agile, scrum, waterfall, soa, excel, visio",12
"R_4",NA,NA,"Unknown","java, go, r, less, soap, ember, oracle, ant, storm, agile, scrum, kanban, waterfall, tdd, soa, windows, jira, confluence, ms office, excel, visio, soapui, etl, informatica, ssis, data warehouse",26
"R_5",NA,16,"Lead","java, c\+\+, scala, go, r, less, xml, rest, soap, ember, sql, oracle, jenkins, git, github, svn, junit, testng, selenium, maven, ant, storm, crystal reports, agile, scrum, kanban, waterfall, tdd, soa, unix, windows, jira, excel, visio, soapui, ios, etl, ssis, data warehouse, soap ui",40
"R_6",NA,9,"Lead","java, javascript, c#, go, r, html, css, less, xml, json, rest, soap, ember, sql, mysql, oracle, sql server, azure, selenium, ant, hadoop, storm, tableau, cognos, agile, scrum, kanban, waterfall, soa, windows, mac os, jira, confluence, ms office, excel, visio, ios, etl, informatica, ssis, olap, oltp, soap ui",43
"R_7",NA,9,"Lead","java, javascript, c#, go, r, html, css, less, xml, json, rest, soap, ember, sql, mysql, oracle, sql server, azure, selenium, ant, hadoop, storm, tableau, cognos, agile, scrum, kanban, waterfall, soa, windows, mac os, jira, confluence, ms office, excel, visio, ios, etl, informatica, ssis, olap, oltp, soap ui",43
"R_8",NA,8,"Lead","java, python, javascript, scala, groovy, go, ruby, r, shell scripting, html, html5, css, css3, less, xml, json, ajax, rest, soap, react, angular, angularjs, vue, node, nodejs, express, jquery, ember, spring, spring boot, spring mvc, spring security, hibernate, jpa, struts, jsf, ejb, jsp, servlet, apache camel, sql, mysql, postgresql, oracle, sql server, mongodb, db2, aws, ec2, s3, lambda, heroku, docker, jenkins, git, github, svn, junit, selenium, mockito, maven, gradle, ant, agile, waterfall, ci/cd, microservices, soa, rest api, linux, unix, windows, jira, excel, postman, splunk, soap ui, apache cxf, jersey",79
"R_9",NA,16,"Lead","java, javascript, go, perl, r, html, html5, css, less, xml, ajax, rest, soap, angular, express, jquery, ember, jsp, servlet, sql, oracle, sql server, db2, aws, ec2, s3, git, selenium, cucumber, ant, storm, tableau, power bi, cognos, ssrs, agile, scrum, waterfall, soa, windows, jira, confluence, ms office, excel, visio, ios, etl, informatica, ssis, data warehouse, olap, oltp, soap ui",53
"R_10",NA,11,"Lead","scala, go, r, xml, rest, ember, sql, oracle, sql server, teradata, git, ant, storm, agile, scrum, waterfall, jira, confluence, excel, visio, android, ios, ssis, jersey",24
"R_11",NA,12,"Lead","java, go, r, html, xml, ember, sql, oracle, sql server, db2, ant, agile, scrum, waterfall, tdd, windows, ms office, excel, visio, ios, etl, ssis, data warehouse",23
"R_12",NA,17,"Lead","java, javascript, scala, groovy, go, php, r, html, html5, css, css3, less, xml, json, ajax, rest, soap, react, reactjs, angular, angularjs, node, nodejs, express, jquery, backbone, ember, spring, spring boot, spring mvc, spring security, hibernate, jpa, struts, jsf, ejb, jsp, servlet, mybatis, apache camel, sql, mysql, postgresql, oracle, sql server, mongodb, cassandra, redis, db2, aws, ec2, s3, lambda, cloud foundry, heroku, docker, kubernetes, jenkins, bamboo, git, github, svn, clearcase, junit, testng, selenium, jasmine, mockito, karma, maven, gradle, ant, gulp, grunt, npm, pig, kafka, aem, adobe experience manager, agile, scrum, tdd, microservices, soa, linux, windows, jira, visio, postman, soapui, splunk, cordova, ssis, soap ui, mule esb, jersey",96
"R_13",NA,11,"Lead","java, javascript, c\+\+, go, perl, ruby, r, shell scripting, html, html5, css, css3, less, xml, json, ajax, rest, soap, react, angular, angularjs, node, nodejs, express, jquery, ember, spring, spring boot, spring mvc, spring security, hibernate, jpa, struts, jsf, ejb, jsp, servlet, sql, oracle, sql server, mongodb, cassandra, db2, aws, azure, ec2, s3, docker, kubernetes, jenkins, puppet, chef, terraform, bamboo, git, github, svn, clearcase, junit, testng, selenium, jasmine, mockito, karma, maven, gradle, ant, agile, scrum, waterfall, tdd, bdd, microservices, soa, rest api, linux, unix, windows, jira, excel, visio, postman, ssis, soap ui, apache cxf, jersey",86
"R_14",NA,20,"Lead","scala, go, perl, r, html, html5, css, css3, rest, ember, sql, oracle, sql server, s3, ant, ssrs, agile, scrum, waterfall, ms office, excel, visio, ios, ssis, data warehouse, olap, jersey",27
"R_15",NA,16,"Lead","java, javascript, c\+\+, go, r, shell scripting, html, html5, css, css3, less, xml, json, ajax, rest, soap, react, angular, angularjs, node, nodejs, jquery, backbone, ember, extjs, dojo, spring, spring boot, spring mvc, hibernate, struts, jsf, ejb, jsp, servlet, sql, mysql, oracle, sql server, mongodb, elasticsearch, db2, s3, jenkins, git, github, svn, bitbucket, junit, maven, ant, agile, scrum, ci/cd, soa, linux, unix, windows, red hat, solaris, visio, postman, soap ui",63
"R_16",NA,10,"Lead","java, go, r, html, less, xml, rest, ember, sql, mongodb, hbase, db2, s3, svn, ant, hadoop, hive, pig, hbase, agile, scrum, waterfall, linux, windows, excel, visio",26
"R_17",NA,9,"Lead","java, javascript, typescript, c\+\+, scala, groovy, go, php, perl, r, html, html5, css, css3, xml, json, ajax, rest, soap, react, reactjs, angular, angularjs, node, nodejs, express, jquery, ember, spring, spring boot, spring mvc, spring security, hibernate, jpa, struts, jsf, ejb, jsp, servlet, sql, mysql, postgresql, oracle, sql server, elasticsearch, db2, s3, lambda, docker, jenkins, chef, git, github, svn, junit, selenium, mockito, protractor, maven, ant, spark, kafka, agile, scrum, kanban, waterfall, microservices, soa, rest api, linux, unix, windows, centos, jira, excel, postman, apache cxf, jersey",78
"R_18",NA,11,"Lead","java, scala, go, r, rest, ember, ant, agile, scrum, waterfall, jira, confluence, visio, etl",14
"R_19",NA,3,"Mid","java, c\+\+, c#, go, perl, r, html, xml, soap, ember, spring, sql, oracle, sql server, clearcase, ant, ssrs, agile, soa, linux, unix, windows, jira, ms office, excel, visio, ios, etl, ssis",29
"R_20",NA,7,"Senior","java, javascript, scala, go, r, shell scripting, html, html5, css, css3, sass, less, xml, json, ajax, rest, soap, react, angular, angularjs, node, express, jquery, backbone, ember, spring, spring boot, spring mvc, spring security, hibernate, jpa, struts, jsf, ejb, jsp, servlet, apache camel, sql, mysql, postgresql, oracle, sql server, mongodb, cassandra, redis, db2, aws, ec2, s3, docker, jenkins, git, github, svn, junit, selenium, cucumber, jasmine, mockito, protractor, karma, maven, gradle, ant, gulp, grunt, npm, agile, scrum, tdd, soa, rest api, linux, unix, windows, jira, excel, visio, ios, ssis, mule esb, apache cxf, jersey",83
"R_21",NA,16,"Lead","java, javascript, go, r, html, html5, css, css3, xml, ajax, rest, soap, node, ember, sql, mysql, oracle, sql server, s3, ant, tableau, cognos, crystal reports, agile, scrum, kanban, waterfall, soa, windows, mac os, jira, ms office, excel, visio, ios, etl, informatica, ssis, data warehouse, olap, oltp",41
"R_22",NA,16,"Lead","java, python, javascript, c\+\+, c#, scala, go, perl, r, shell scripting, html, css, xml, soap, ember, spring, jsp, servlet, sql, mysql, oracle, sql server, hbase, db2, teradata, aws, azure, s3, jenkins, terraform, git, github, clearcase, junit, maven, yarn, hadoop, spark, hive, pig, kafka, hbase, mapreduce, yarn, sqoop, flume, agile, scrum, kanban, waterfall, tdd, soa, linux, unix, windows, ubuntu, red hat, solaris, jira, confluence, excel, visio, soapui, etl, informatica, ssis",66
"R_23",NA,11,"Lead","java, go, swift, r, html, less, xml, rest, sql, oracle, sql server, teradata, aws, clearcase, ant, tableau, crystal reports, agile, scrum, waterfall, unix, jira, ms office, excel, visio, ios, etl, ssis, data warehouse, olap",30
"R_24",NA,15,"Lead","java, javascript, scala, go, r, html, ember, sql, oracle, ant, ssrs, joomla, agile, scrum, waterfall, linux, unix, windows, jira, ms office, excel, visio, etl, ssis, data warehouse, olap",26
"R_25",NA,7,"Senior","java, scala, go, r, html, ember, sql, mysql, oracle, sql server, git, selenium, ant, tableau, cognos, crystal reports, microstrategy, agile, scrum, waterfall, jira, confluence, ms office, excel, visio, ios, etl, informatica, ssis, olap, oltp",31
"R_26",NA,16,"Lead","java, c\+\+, scala, go, r, html, xml, rest, soap, sql, mysql, oracle, sql server, db2, ant, crystal reports, agile, scrum, waterfall, soa, linux, unix, windows, jira, ms office, excel, visio, soapui, ios, etl, informatica, ssis, data warehouse",33
"R_27",NA,20,"Lead","java, javascript, c\+\+, c#, go, r, vb\.net, html, less, xml, ajax, rest, soap, express, ember, jsp, servlet, sql, mysql, oracle, sql server, mongodb, cassandra, hbase, teradata, s3, ant, hadoop, hive, pig, kafka, hbase, mapreduce, sqoop, flume, ssrs, crystal reports, agile, scrum, soa, linux, jira, visio, etl, ssis, data warehouse, oltp",47
"R_28",NA,11,"Lead","java, javascript, go, r, html, css, less, xml, ajax, rest, angular, angularjs, node, nodejs, express, spring, spring boot, spring mvc, hibernate, jpa, struts, jsf, ejb, jsp, servlet, sql, mysql, oracle, cassandra, aws, ec2, s3, jenkins, git, svn, junit, testng, mocha, mockito, maven, gradle, ant, kafka, agile, scrum, microservices, soa, linux, unix, windows, solaris, aix, jira, visio, ssis, apache cxf",56
"R_29",NA,3,"Mid","java, python, javascript, scala, go, r, html, html5, css, xml, json, ajax, rest, soap, express, spring, spring mvc, hibernate, jpa, struts, jsf, jsp, servlet, sql, mysql, postgresql, oracle, sql server, mongodb, cassandra, hbase, db2, teradata, aws, ec2, s3, git, github, svn, junit, maven, ant, yarn, hadoop, spark, hive, pig, kafka, hbase, mapreduce, yarn, sqoop, flume, tableau, agile, soa, linux, unix, windows, jira, excel, visio, splunk, etl, talend, data warehouse",66
"R_30",NA,10,"Lead","go, r, rest, ember, sql, oracle, ant, tableau, cognos, soa, ms office, excel, ssis, jersey",14
"R_31",NA,12,"Lead","go, r, xml, ember, sql, oracle, sql server, ant, storm, agile, scrum, waterfall, unix, windows, ms office, excel, visio, ios, ssis",19
"R_32",NA,16,"Lead","java, python, go, r, html, xml, rest, soap, ember, sql, oracle, sql server, aws, ant, hive, storm, tableau, power bi, qlikview, ssrs, agile, waterfall, soa, unix, windows, jira, confluence, ms office, excel, visio, ios, ssis, data warehouse",33
"R_33",NA,6,"Senior","java, c\+\+, scala, go, r, html, ember, ejb, jsp, bottle, sql, oracle, sql server, ant, storm, cognos, ssrs, crystal reports, agile, scrum, kanban, waterfall, unix, windows, jira, ms office, excel, visio, ios, nlp, etl, informatica, ssis, data warehouse",34
"R_34",NA,16,"Lead","java, go, php, r, html, html5, css, sql, mysql, sql server, ant, cognos, agile, scrum, waterfall, linux, windows, jira, ms office, excel, visio, android, ios",23
"R_35",NA,8,"Lead","java, python, javascript, c\+\+, scala, groovy, go, php, perl, r, html, html5, css, css3, sass, less, xml, json, ajax, rest, soap, react, reactjs, angular, angularjs, node, nodejs, express, jquery, backbone, extjs, dojo, spring, spring boot, spring mvc, spring security, hibernate, jpa, struts, jsf, ejb, jsp, servlet, sql, mysql, oracle, sql server, mongodb, cassandra, dynamodb, couchdb, db2, aws, ec2, s3, lambda, heroku, docker, jenkins, git, github, svn, junit, selenium, mockito, maven, gradle, ant, grunt, npm, kafka, tableau, magento, agile, scrum, devops, tdd, microservices, soa, rest api, linux, unix, windows, jira, visio, splunk, ssis, soap ui, apache cxf, jersey",90
"R_36",NA,7,"Senior","java, javascript, go, r, html, css, xml, json, ajax, rest, soap, angular, angularjs, node, jquery, backbone, spring, spring boot, spring mvc, spring security, hibernate, jpa, struts, jsf, ejb, jsp, servlet, bottle, sql, mysql, oracle, sql server, mongodb, cassandra, db2, aws, jenkins, git, junit, mockito, maven, ant, storm, jasper reports, agile, scrum, waterfall, tdd, microservices, soa, linux, unix, windows, mac os, solaris, jira, excel, ssis, jersey",59
"R_37",NA,13,"Lead","java, javascript, c\+\+, c#, scala, go, r, bash, xml, rest, soap, vue, sql, oracle, sql server, ant, agile, scrum, waterfall, soa, windows, jira, soap ui",23
"R_38",NA,8,"Lead","java, python, javascript, c\+\+, c#, go, php, ruby, r, html, html5, css, css3, less, xml, ajax, rest, soap, react, angular, angularjs, node, express, jquery, backbone, extjs, dojo, spring, spring mvc, hibernate, jpa, struts, jsf, ejb, jsp, servlet, zend, sql, mysql, postgresql, oracle, sql server, cassandra, db2, azure, ec2, s3, lambda, jenkins, git, github, svn, mercurial, clearcase, junit, selenium, maven, ant, grunt, npm, hadoop, storm, cognos, drupal, wordpress, agile, scrum, waterfall, tdd, soa, linux, unix, windows, aix, jira, excel, visio, soapui, olap, soap ui, apache cxf",81
"R_39",NA,117,"Lead","scala, go, php, perl, r, xml, rest, ember, sql, oracle, sql server, aws, ant, agile, scrum, waterfall, linux, windows, solaris, aix, jira, confluence, data warehouse, olap, oltp",25
"R_40",NA,21,"Lead","scala, go, php, r, less, xml, rest, node, ember, sql, oracle, sql server, ant, agile, waterfall, linux, windows, solaris, aix, excel, data warehouse, olap, oltp",23
"R_41",NA,8,"Lead","java, python, javascript, c\+\+, c#, go, php, ruby, r, html, html5, css, css3, less, xml, ajax, rest, soap, react, angular, angularjs, node, express, jquery, backbone, extjs, dojo, spring, spring mvc, hibernate, jpa, struts, jsf, ejb, jsp, servlet, zend, sql, mysql, postgresql, oracle, sql server, cassandra, db2, azure, ec2, s3, lambda, jenkins, git, github, svn, mercurial, clearcase, junit, selenium, maven, ant, grunt, npm, hadoop, storm, cognos, drupal, wordpress, agile, scrum, waterfall, tdd, soa, linux, unix, windows, aix, jira, excel, visio, soapui, olap, soap ui, apache cxf",81
"R_42",NA,7,"Senior","java, go, r, xml, sql, sql server, clearcase, agile, scrum, soa, unix, windows, jira, ms office, excel, visio, ios, ssis",18
"R_43",NA,16,"Lead","java, javascript, c\+\+, go, swift, r, shell scripting, html, html5, css, css3, less, xml, json, ajax, rest, soap, react, angular, angularjs, node, express, jquery, spring, spring mvc, hibernate, struts, jsf, ejb, jsp, servlet, sql, mysql, oracle, sql server, mongodb, db2, aws, s3, git, svn, junit, maven, ant, spark, agile, scrum, devops, tdd, soa, linux, unix, windows, solaris, excel, visio, ssis, soap ui",58
"R_44",NA,21,"Lead","r, git, ant",3
"R_45",NA,11,"Lead","scala, go, perl, r, ant, agile, scrum, windows, ssis",9
"R_46",NA,5,"Senior","java, c\+\+, r, xml, rest, soap, express, ember, sql, oracle, svn, testng, selenium, maven, agile, scrum, waterfall, soa, linux, windows, jira, ms office, excel, postman, android, ios, soap ui",27
"R_47",NA,11,"Lead","go, r, sql, oracle, db2, teradata, s3, ant, agile, scrum, windows, mac os, jira, excel, visio, ssis, data warehouse",17
"R_48",NA,17,"Lead","java, python, javascript, typescript, c\+\+, scala, groovy, go, ruby, r, shell scripting, html, html5, css, css3, less, xml, json, ajax, rest, soap, react, reactjs, angular, angularjs, node, nodejs, express, jquery, backbone, spring, spring boot, spring mvc, spring security, hibernate, jpa, struts, jsf, ejb, jsp, servlet, sql, mysql, postgresql, oracle, sql server, mongodb, cassandra, db2, aws, ec2, s3, lambda, docker, jenkins, git, github, svn, junit, mockito, maven, ant, agile, scrum, waterfall, ci/cd, tdd, bdd, microservices, soa, rest api, linux, unix, windows, jira, slack, ms office, excel, visio, soap ui, jersey",81
"R_49",NA,15,"Lead","java, go, r, html, css, xml, rest, soap, angular, express, ember, ejb, jsp, sql, oracle, sql server, db2, jenkins, git, selenium, ant, cognos, ssrs, agile, scrum, kanban, waterfall, devops, ci/cd, soa, windows, jira, confluence, excel, android, ios, informatica, ssis, data warehouse, soap ui",40
"R_50",NA,8,"Lead","java, javascript, scala, go, r, html, xml, ember, sql, oracle, sql server, db2, selenium, ant, agile, scrum, waterfall, unix, windows, jira, ms office, excel, visio, ios, etl, informatica, ssis",27
"R_51",NA,13,"Lead","java, python, javascript, go, perl, ruby, r, html, html5, css, css3, less, xml, json, ajax, rest, soap, angular, angularjs, node, jquery, backbone, ember, spring, spring boot, spring mvc, hibernate, jpa, struts, jsf, jsp, servlet, sql, mysql, postgresql, oracle, sql server, mongodb, cassandra, db2, aws, s3, cloud foundry, jenkins, travis ci, git, github, junit, testng, selenium, cucumber, jasmine, mockito, protractor, maven, gradle, ant, grunt, pig, kafka, adobe experience manager, agile, scrum, tdd, bdd, microservices, soa, rest api, linux, unix, windows, jira, excel, soapui, splunk, ios, ssis, soap ui, apache cxf, jersey",80
"R_52",NA,17,"Lead","java, javascript, c\+\+, scala, groovy, go, php, perl, ruby, r, html, html5, css, css3, less, xml, json, ajax, rest, soap, angular, angularjs, node, express, jquery, backbone, ember, spring, spring boot, spring mvc, hibernate, jpa, struts, jsf, ejb, jsp, servlet, sql, mysql, oracle, sql server, mongodb, cassandra, redis, hbase, elasticsearch, db2, aws, ec2, s3, lambda, docker, jenkins, bamboo, git, svn, junit, selenium, mockito, maven, ant, hadoop, spark, hive, kafka, hbase, sqoop, flume, agile, tdd, microservices, soa, linux, unix, windows, solaris, aix, jira, excel, jersey",80
"R_53",NA,NA,"Unknown","java, javascript, c\+\+, scala, groovy, go, perl, r, shell scripting, html, html5, css, css3, xml, json, ajax, rest, soap, react, reactjs, angular, angularjs, node, nodejs, express, jquery, backbone, ember, dojo, spring, spring boot, spring mvc, spring security, hibernate, jpa, struts, jsf, ejb, jsp, servlet, apache camel, sql, mysql, postgresql, oracle, sql server, mongodb, cassandra, hbase, db2, aws, ec2, s3, lambda, cloud foundry, docker, kubernetes, jenkins, bamboo, git, svn, clearcase, junit, testng, selenium, cucumber, jasmine, mockito, protractor, karma, maven, gradle, ant, grunt, kafka, hbase, aem, agile, scrum, waterfall, tdd, microservices, soa, rest api, linux, unix, windows, jira, postman, splunk, nlp, soap ui, mule esb, jersey",94
"R_54",NA,6,"Senior","java, javascript, typescript, c\+\+, scala, go, php, ruby, r, html, html5, css, css3, sass, less, xml, json, ajax, rest, soap, react, angular, angularjs, node, jquery, backbone, ember, spring, spring boot, spring mvc, spring security, hibernate, jpa, struts, jsf, ejb, jsp, servlet, sql, mysql, postgresql, oracle, sql server, mongodb, cassandra, dynamodb, db2, aws, ec2, s3, docker, jenkins, git, junit, selenium, cucumber, jasmine, protractor, karma, maven, ant, npm, spark, agile, scrum, tdd, bdd, soa, rest api, linux, windows, mac os, ms office, excel, android, ios, jersey",77
"R_55",NA,NA,"Unknown","java, javascript, scala, groovy, go, r, html, html5, css, css3, less, xml, json, ajax, rest, soap, react, angular, angularjs, node, jquery, backbone, ember, knockout, dojo, spring, spring boot, spring mvc, spring security, hibernate, jpa, struts, jsf, ejb, jsp, servlet, sql, mysql, postgresql, oracle, sql server, mongodb, cassandra, dynamodb, hbase, db2, aws, ec2, s3, jenkins, git, github, svn, junit, maven, gradle, ant, hbase, agile, scrum, waterfall, tdd, soa, rest api, linux, unix, windows, jira, visio, splunk, ssis, soap ui, apache cxf, jersey",74
"R_56",NA,15,"Lead","java, javascript, go, r, html, html5, css, css3, less, xml, json, ajax, rest, soap, angular, angularjs, node, nodejs, express, jquery, backbone, ember, spring, spring boot, spring mvc, hibernate, jpa, struts, jsf, ejb, jsp, servlet, apache camel, sql, mysql, oracle, sql server, mongodb, cassandra, aws, ec2, s3, lambda, jenkins, git, github, svn, junit, maven, ant, hive, agile, scrum, waterfall, soa, rest api, linux, unix, windows, visio, ios, soap ui, mule esb, jersey",64
"R_57",NA,11,"Lead","java, javascript, groovy, go, r, shell scripting, html, html5, css, css3, xml, json, ajax, rest, soap, angular, angularjs, node, nodejs, jquery, spring, spring boot, spring mvc, spring security, hibernate, struts, jsf, ejb, jsp, servlet, mybatis, apache camel, sql, mysql, postgresql, oracle, sql server, mongodb, cassandra, redis, db2, teradata, aws, ec2, s3, cloud foundry, docker, kubernetes, jenkins, git, github, svn, mercurial, junit, maven, ant, agile, scrum, tdd, soa, linux, unix, windows, solaris, jira, excel, visio, soap ui",68
"R_58",NA,35,"Lead","go, r, html, html5, css, rest, ember, sql, oracle, db2, ant, hadoop, mapreduce, agile, scrum, waterfall, jira, ms office, excel, visio, etl, informatica",22
"R_59",NA,10,"Lead","java, python, go, r, html, xml, rest, soap, express, ember, spring, spring boot, spring security, hibernate, jpa, struts, jsp, servlet, apache camel, sql, mysql, oracle, mongodb, cassandra, redis, elasticsearch, db2, aws, ec2, cloud foundry, docker, kubernetes, jenkins, git, github, svn, junit, testng, cucumber, mockito, maven, gradle, ant, spark, kafka, jasper reports, agile, ci/cd, tdd, bdd, soa, unix, jira, confluence, splunk, mule esb, apache cxf, jersey",58
"R_60",NA,8,"Lead","java, javascript, typescript, go, perl, r, html, html5, css, css3, sass, xml, json, ajax, rest, soap, react, reactjs, angular, angularjs, node, nodejs, express, jquery, extjs, spring, spring boot, spring mvc, spring security, hibernate, jpa, struts, jsf, ejb, jsp, servlet, apache camel, sql, mysql, oracle, sql server, mongodb, cassandra, aws, ec2, s3, cloud foundry, docker, jenkins, git, svn, clearcase, junit, testng, selenium, maven, gradle, ant, npm, hadoop, spark, kafka, ssrs, agile, scrum, waterfall, tdd, microservices, soa, rest api, linux, unix, windows, red hat, solaris, aix, visio, ssis, soap ui, jersey",80
"R_61",NA,15,"Lead","java, python, javascript, scala, groovy, go, php, perl, r, shell scripting, html, html5, css, css3, less, xml, json, ajax, rest, soap, angular, angularjs, node, nodejs, express, jquery, extjs, spring, spring mvc, hibernate, jpa, struts, jsf, ejb, jsp, servlet, apache camel, django, sql, mysql, oracle, sql server, mongodb, cassandra, hbase, db2, aws, ec2, s3, cloudfront, jenkins, ansible, git, svn, junit, testng, selenium, maven, ant, grunt, hadoop, spark, hive, kafka, hbase, mapreduce, crystal reports, agile, scrum, waterfall, devops, tdd, microservices, soa, rest api, linux, unix, windows, red hat, jira, excel, visio, soapui, splunk, etl, ssis, data warehouse, jersey",88
"R_62",NA,24,"Lead","java, javascript, typescript, c\+\+, go, r, html, html5, css, xml, json, ajax, rest, soap, angular, angularjs, node, nodejs, jquery, spring, spring boot, spring mvc, spring security, hibernate, jpa, struts, jsf, ejb, sql, mysql, oracle, sql server, mongodb, redis, aws, ec2, svn, clearcase, junit, maven, ant, soa, rest api, linux, unix, windows, excel",47
"R_63",NA,16,"Lead","go, r, rest, ember, sql, oracle, sql server, ant, agile, scrum, waterfall, jira, confluence, ms office, excel, visio",16
"R_64",NA,16,"Lead","java, python, javascript, typescript, scala, go, php, ruby, r, html, html5, css, css3, less, xml, json, ajax, rest, soap, react, reactjs, angular, angularjs, node, express, jquery, backbone, dojo, spring, spring boot, spring mvc, spring security, hibernate, jpa, struts, jsf, ejb, jsp, servlet, apache camel, sql, mysql, postgresql, oracle, sql server, mongodb, cassandra, hbase, db2, aws, ec2, s3, cloud foundry, docker, kubernetes, jenkins, ansible, git, svn, clearcase, junit, selenium, mockito, maven, ant, grunt, npm, hadoop, spark, hive, kafka, storm, hbase, tableau, agile, scrum, ci/cd, tdd, microservices, soa, rest api, linux, unix, windows, jira, excel, visio, postman, soapui, ios, data warehouse, soap ui, apache cxf",93
"R_65",NA,16,"Lead","java, python, javascript, c\+\+, c#, scala, go, ruby, r, matlab, shell scripting, html, css, less, xml, json, rest, soap, express, ember, sql, oracle, sql server, cassandra, db2, teradata, aws, azure, git, clearcase, ant, hadoop, spark, hive, pig, storm, mapreduce, tableau, qlikview, cognos, ssrs, crystal reports, microstrategy, agile, scrum, tdd, soa, linux, unix, windows, jira, confluence, ms office, excel, visio, soapui, splunk, ios, machine learning, etl, informatica, ssis, data warehouse, olap, oltp, jersey",66
"R_66",NA,NA,"Unknown","java, javascript, scala, groovy, go, r, html, html5, css, css3, less, xml, json, ajax, rest, soap, angular, angularjs, node, nodejs, jquery, extjs, spring, spring boot, spring mvc, hibernate, jpa, struts, jsf, ejb, jsp, servlet, sql, mysql, oracle, sql server, mongodb, db2, aws, ec2, s3, jenkins, git, github, svn, junit, testng, selenium, cucumber, protractor, maven, ant, pig, agile, scrum, waterfall, tdd, bdd, soa, rest api, linux, unix, windows, jira, etl, soap ui, apache cxf, jersey",68
"R_67",NA,NA,"Unknown","java, javascript, c\+\+, scala, groovy, go, r, html, html5, css, css3, less, xml, json, ajax, rest, soap, react, reactjs, angular, angularjs, node, nodejs, express, jquery, backbone, dojo, spring, spring boot, spring mvc, spring security, hibernate, jpa, struts, jsf, ejb, jsp, servlet, apache camel, sql, mysql, oracle, dynamodb, db2, aws, ec2, s3, cloud foundry, jenkins, git, svn, junit, selenium, mockito, protractor, maven, ant, grunt, agile, scrum, waterfall, tdd, microservices, soa, rest api, linux, unix, windows, jira, visio, soap ui",71
"R_68",NA,8,"Lead","java, javascript, c\+\+, go, r, html, css, xml, json, ajax, rest, soap, jquery, ember, spring, sql, mysql, oracle, sql server, db2, azure, git, github, selenium, ant, storm, tableau, power bi, cognos, ssrs, microstrategy, agile, scrum, kanban, waterfall, soa, linux, windows, mac os, jira, confluence, ms office, excel, visio, ios, etl, informatica, ssis, data warehouse, olap, oltp, soap ui",52
"R_69",NA,9,"Lead","java, javascript, c\+\+, go, r, html, html5, css, css3, xml, ajax, rest, soap, angular, angularjs, node, jquery, ember, spring, spring security, hibernate, jpa, struts, jsf, ejb, jsp, servlet, sql, mysql, oracle, sql server, db2, s3, jenkins, git, svn, junit, mockito, maven, ant, hive, soa, linux, unix, windows, excel, visio, soapui, splunk, mule esb",50
"R_70",NA,8,"Lead","java, python, go, r, html, css, xml, json, ajax, rest, soap, angular, sql, mysql, postgresql, oracle, sql server, db2, aws, git, selenium, cucumber, ant, storm, tableau, power bi, ssrs, agile, scrum, kanban, waterfall, tdd, soa, windows, jira, confluence, ms office, excel, visio, postman, ios, etl, informatica, ssis, data warehouse, olap, soap ui",47
"R_71",NA,9,"Lead","java, python, go, r, html, css, xml, json, ajax, rest, soap, angular, sql, mysql, postgresql, oracle, sql server, db2, aws, git, selenium, cucumber, ant, storm, tableau, power bi, ssrs, agile, scrum, kanban, waterfall, tdd, soa, windows, red hat, jira, confluence, ms office, excel, visio, postman, ios, etl, informatica, ssis, data warehouse, olap, soap ui",48
"R_72",NA,NA,"Unknown","java, javascript, c\+\+, c#, go, r, html, html5, css, css3, less, xml, json, ajax, rest, soap, angular, angularjs, node, express, jquery, backbone, dojo, spring, spring mvc, spring security, hibernate, jpa, struts, jsf, ejb, jsp, servlet, sql, mysql, postgresql, oracle, sql server, db2, teradata, s3, jenkins, git, svn, clearcase, junit, maven, ant, crystal reports, jasper reports, agile, scrum, waterfall, tdd, soa, rest api, linux, unix, windows, solaris, jira, excel, visio, soapui, ssis, jersey",66
"R_73",NA,8,"Lead","java, javascript, scala, go, r, html, html5, css, xml, ajax, ember, spring, spring boot, struts, jsf, jsp, servlet, sql, oracle, git, svn, ant, storm, agile, scrum, waterfall, windows, jira, excel, visio, ios, etl, ssis",33
"R_74",NA,NA,"Unknown","java, python, javascript, scala, groovy, go, php, perl, ruby, objective-c, r, bash, html, html5, css, css3, xml, json, ajax, rest, soap, angular, angularjs, node, jquery, backbone, ember, extjs, spring, spring mvc, hibernate, struts, jsf, ejb, jsp, servlet, mybatis, apache camel, django, sql, mysql, oracle, sql server, mongodb, cassandra, elasticsearch, db2, aws, ec2, s3, docker, jenkins, puppet, chef, git, github, junit, selenium, jest, maven, gradle, ant, hadoop, hive, pig, kafka, mapreduce, agile, scrum, soa, linux, unix, windows, solaris, aix, excel, android, ios, ssis, mule esb, jersey",81
"R_75",NA,13,"Lead","java, javascript, go, perl, r, html, less, ember, spring, sql, oracle, sql server, ant, storm, agile, scrum, waterfall, jira, ms office, excel, visio, ios, ssis, data warehouse, jersey",25
"R_76",NA,17,"Lead","go, r, less, ember, sql, oracle, sql server, ant, storm, tableau, cognos, agile, scrum, waterfall, linux, windows, jira, ms office, excel, visio, ios, etl, ssis",23
"R_77",NA,6,"Senior","go, r, html, rest, ember, sql, oracle, db2, ant, storm, cognos, agile, scrum, waterfall, ms office, excel, visio, ios, ssis",19
"R_78",NA,NA,"Unknown","java, javascript, scala, groovy, go, r, shell scripting, html, html5, css, css3, less, xml, json, ajax, rest, soap, react, reactjs, angular, angularjs, node, nodejs, express, jquery, backbone, spring, spring boot, spring mvc, spring security, hibernate, jpa, struts, jsf, jsp, servlet, mybatis, apache camel, sql, mysql, oracle, sql server, mongodb, cassandra, elasticsearch, db2, aws, azure, ec2, s3, lambda, cloud foundry, docker, jenkins, git, github, svn, junit, jasmine, mockito, karma, maven, gradle, ant, grunt, kafka, agile, scrum, waterfall, tdd, microservices, soa, linux, unix, windows, jira, postman, soapui, splunk, ionic, soap ui, jersey",82
"R_79",NA,19,"Lead","java, javascript, c\+\+, groovy, go, php, r, shell scripting, powershell, html, html5, css, css3, xml, json, ajax, rest, soap, react, reactjs, angular, angularjs, node, nodejs, express, jquery, backbone, ember, extjs, dojo, spring, spring boot, spring mvc, spring security, hibernate, jpa, struts, jsf, ejb, jsp, servlet, sql, mysql, oracle, sql server, cassandra, db2, aws, s3, jenkins, git, svn, clearcase, junit, maven, gradle, ant, agile, scrum, microservices, soa, linux, unix, windows, ubuntu, mac os, jira, visio, splunk, ios, ssis, soap ui, jersey",73
"R_80",NA,17,"Lead","java, javascript, typescript, go, php, ruby, r, html, html5, css, css3, sass, less, xml, json, ajax, rest, soap, react, reactjs, angular, angularjs, node, express, expressjs, jquery, backbone, ember, knockout, extjs, dojo, spring, spring boot, spring mvc, spring security, hibernate, jpa, struts, jsf, ejb, jsp, servlet, sql, mysql, oracle, sql server, mongodb, cassandra, db2, aws, ec2, s3, lambda, docker, jenkins, git, svn, junit, selenium, cucumber, jasmine, mockito, protractor, karma, maven, gradle, ant, gulp, grunt, magento, agile, scrum, waterfall, ci/cd, tdd, microservices, soa, linux, unix, windows, red hat, solaris, jira, visio, ssis, soap ui, mule esb, jersey",88
"R_81",NA,NA,"Unknown","java, c\+\+, scala, go, perl, r, rest, node, ember, sql, oracle, redis, db2, clearcase, ant, agile, scrum, waterfall, devops, linux, unix, windows, solaris, aix, excel, ios",26
"R_82",NA,11,"Lead","java, python, javascript, c\+\+, scala, go, r, shell scripting, html, css, xml, json, ajax, rest, soap, angular, node, jquery, ember, spring, spring mvc, hibernate, struts, jsf, ejb, jsp, servlet, sql, mysql, oracle, sql server, mongodb, cassandra, hbase, db2, teradata, aws, ec2, s3, git, svn, junit, maven, gradle, ant, yarn, hadoop, spark, hive, pig, kafka, storm, hbase, mapreduce, yarn, sqoop, flume, tableau, agile, scrum, tdd, soa, linux, unix, windows, ubuntu, jira, confluence, excel, etl, talend",71
"R_83",NA,16,"Lead","java, python, javascript, c\+\+, scala, groovy, go, r, html, html5, css, css3, xml, json, ajax, rest, soap, react, reactjs, angular, angularjs, node, nodejs, jquery, backbone, ember, dojo, spring, spring boot, spring mvc, hibernate, jpa, struts, jsf, ejb, jsp, servlet, sql, mysql, postgresql, oracle, sql server, cassandra, db2, aws, ec2, s3, lambda, jenkins, chef, git, svn, clearcase, junit, selenium, jasmine, protractor, maven, ant, spark, hive, pig, kafka, scrum, bdd, soa, rest api, linux, unix, windows, solaris, excel, visio, splunk, data warehouse, soap ui",76
"R_84",NA,8,"Lead","java, c\+\+, go, perl, r, html, css, less, xml, rest, express, ember, sql, oracle, sql server, db2, git, ant, hive, storm, tableau, cognos, crystal reports, microstrategy, agile, scrum, waterfall, linux, unix, windows, jira, ms office, excel, visio, ios, etl, informatica, ssis, data warehouse, olap, oltp",41
"R_85",NA,11,"Lead","java, javascript, groovy, go, perl, r, shell scripting, html, html5, css, css3, xml, json, ajax, rest, soap, angular, angularjs, node, express, jquery, ember, extjs, dojo, spring, spring boot, spring mvc, hibernate, jpa, struts, jsf, ejb, jsp, servlet, apache camel, sql, mysql, oracle, sql server, mongodb, db2, aws, ec2, s3, lambda, jenkins, git, svn, junit, mockito, maven, gradle, ant, pig, agile, tdd, microservices, soa, rest api, linux, unix, windows, jira, soapui, soap ui",65
"R_86",NA,6,"Senior","java, python, javascript, c\+\+, scala, groovy, go, php, perl, ruby, r, shell scripting, html, html5, css, css3, sass, less, xml, json, ajax, rest, soap, react, angular, angularjs, node, nodejs, express, jquery, backbone, ember, polymer, extjs, dojo, spring, spring boot, spring mvc, spring security, hibernate, jpa, struts, jsf, ejb, jsp, servlet, apache camel, django, symfony, sql, mysql, oracle, sql server, mongodb, cassandra, redis, hbase, neo4j, db2, teradata, aws, azure, ec2, s3, lambda, cloud foundry, docker, kubernetes, jenkins, git, github, svn, bitbucket, junit, selenium, cucumber, mocha, jasmine, mockito, protractor, maven, ant, hadoop, spark, hive, pig, kafka, hbase, sqoop, flume, drupal, agile, scrum, devops, ci/cd, microservices, soa, rest api, linux, unix, windows, ubuntu, debian, mac os, jira, visio, machine learning, informatica, ssis, data warehouse, soap ui, jersey",112
"R_87",NA,12,"Lead","java, python, javascript, c\+\+, scala, groovy, go, perl, r, shell scripting, html, html5, css, css3, xml, json, ajax, rest, soap, react, reactjs, angular, angularjs, node, nodejs, express, jquery, backbone, ember, extjs, dojo, spring, spring boot, spring mvc, spring security, hibernate, jpa, struts, jsf, ejb, jsp, servlet, apache camel, sql, mysql, oracle, sql server, mongodb, cassandra, hbase, db2, teradata, aws, azure, google cloud, ec2, s3, lambda, cloud foundry, jenkins, ansible, chef, git, svn, clearcase, junit, testng, selenium, mockito, maven, gradle, ant, hadoop, spark, kafka, hbase, jasper reports, agile, scrum, waterfall, devops, tdd, microservices, soa, rest api, linux, unix, windows, solaris, jira, excel, visio, soapui, nagios, ios, informatica, ssis, soap ui, apache cxf, jersey",100
"R_88",NA,8,"Lead","go, perl, r, rest, soap, ember, sql, mysql, oracle, git, selenium, ant, storm, ssrs, agile, scrum, waterfall, soa, windows, jira, ms office, excel, visio, soapui, ios, etl, informatica, ssis, data warehouse, soap ui",30
"R_89",NA,9,"Lead","scala, go, r, rest, ember, sql, ant, storm, scrum, waterfall, jira, ms office, excel, visio, ssis, jersey",16
"R_90",NA,15,"Lead","java, python, javascript, scala, go, php, perl, r, shell scripting, less, ember, sql, mysql, oracle, docker, ant, hive, agile, scrum, waterfall, linux, unix, solaris, jira, confluence, ms office, visio",27
"R_91",NA,12,"Lead","java, javascript, c\+\+, c#, scala, go, r, html, css, xml, json, ajax, rest, soap, angular, jquery, ember, spring, hibernate, struts, jsp, sql, mysql, oracle, aws, jenkins, junit, ant, hadoop, tableau, power bi, ssrs, crystal reports, aem, sitecore, agile, scrum, kanban, waterfall, tdd, soa, rest api, unix, jira, ms office, excel, visio, postman, ios, etl, informatica, ssis, olap, oltp, soap ui",55
"R_92",NA,NA,"Unknown","java, javascript, c\+\+, go, perl, r, html, html5, css, css3, xml, json, ajax, rest, soap, angular, node, jquery, backbone, ember, spring, spring boot, spring mvc, hibernate, struts, jsf, ejb, jsp, servlet, sql, mysql, oracle, sql server, db2, aws, s3, git, junit, mockito, maven, gradle, ant, agile, waterfall, soa, rest api, linux, unix, visio",49
"R_93",NA,7,"Senior","java, go, r, html, css, xml, rest, ember, sql, oracle, sql server, ant, storm, crystal reports, agile, scrum, waterfall, unix, jira, ms office, excel, visio, ios, ssis",24
"R_94",NA,16,"Lead","go, r, html, xml, ember, sql, oracle, sql server, clearcase, ant, storm, crystal reports, agile, scrum, waterfall, windows, ms office, excel, visio, ios, ssis, olap",22
"R_95",NA,8,"Lead","java, python, javascript, typescript, c\+\+, c#, scala, go, perl, swift, objective-c, r, powershell, html, html5, css, css3, sass, less, xml, json, ajax, rest, soap, react, angular, angularjs, node, express, jquery, backbone, ember, polymer, knockout, struts, jsp, servlet, django, sql, mysql, oracle, sql server, mongodb, aws, s3, jenkins, git, github, jasmine, protractor, karma, maven, ant, grunt, spark, hive, storm, tableau, agile, scrum, soa, windows, mac os, jira, ms office, android, ios, ionic, cordova",69
"R_96",NA,15,"Lead","java, scala, go, php, r, vb\.net, html, xml, rest, ember, sql, mysql, oracle, sql server, db2, teradata, aws, clearcase, ant, storm, tableau, agile, scrum, waterfall, tdd, linux, unix, windows, jira, ms office, excel, visio, ios, etl, informatica, ssis, data warehouse",37
"R_97",NA,10,"Lead","java, scala, go, perl, r, xml, rest, soap, ember, sql, oracle, sql server, db2, ant, soa, linux, solaris, excel, visio, ssis",20
"R_98",NA,9,"Lead","java, scala, go, r, html, html5, css, css3, xml, json, ajax, soap, jquery, ember, spring, spring mvc, hibernate, jsp, bottle, sql, mysql, oracle, sql server, db2, s3, git, junit, ant, tableau, power bi, ssrs, crystal reports, agile, scrum, waterfall, tdd, soa, linux, unix, windows, jira, confluence, ms office, excel, visio, soapui, ios, etl, informatica, ssis",50
"R_99",NA,9,"Lead","java, scala, go, r, html, html5, css, css3, xml, json, ajax, soap, jquery, ember, spring, spring mvc, hibernate, jsp, bottle, sql, mysql, oracle, sql server, db2, s3, git, junit, ant, tableau, power bi, ssrs, crystal reports, agile, scrum, waterfall, tdd, soa, linux, unix, windows, jira, confluence, ms office, excel, visio, soapui, ios, etl, informatica, ssis",50
"R_100",NA,7,"Senior","java, javascript, typescript, c\+\+, scala, go, perl, r, shell scripting, html, html5, css, css3, less, xml, json, ajax, rest, soap, react, reactjs, angular, angularjs, node, nodejs, express, jquery, backbone, ember, spring, spring boot, spring mvc, hibernate, jpa, struts, jsf, ejb, jsp, servlet, sql, mysql, oracle, sql server, db2, aws, ec2, s3, lambda, cloud foundry, docker, jenkins, git, github, svn, clearcase, junit, mockito, maven, ant, grunt, npm, hive, jasper reports, agile, scrum, waterfall, tdd, soa, linux, unix, windows, visio, postman",73
"R_101",NA,2,"Mid","java, javascript, c\+\+, groovy, go, perl, r, bash, shell scripting, html, html5, css, css3, less, xml, json, rest, soap, angular, angularjs, jquery, spring, spring mvc, hibernate, jpa, ejb, jsp, servlet, sql, mysql, oracle, sql server, s3, jenkins, git, clearcase, junit, selenium, mockito, maven, ant, aem, agile, scrum, waterfall, devops, tdd, soa, linux, unix, windows, solaris, jira, excel, soapui, ios, soap ui, jersey",58
"R_102",NA,7,"Senior","java, javascript, typescript, c\+\+, go, r, html, html5, css, css3, less, xml, json, ajax, rest, soap, react, reactjs, angular, angularjs, node, nodejs, express, jquery, extjs, dojo, spring, spring boot, spring mvc, spring security, hibernate, jpa, struts, jsf, ejb, jsp, servlet, sql, mysql, oracle, sql server, cassandra, dynamodb, db2, aws, ec2, s3, jenkins, git, svn, junit, testng, selenium, maven, ant, npm, hadoop, sqoop, agile, scrum, waterfall, ci/cd, tdd, microservices, soa, linux, unix, windows, jira, excel, visio, soapui",72
"R_103",NA,NA,"Unknown","java, python, javascript, scala, go, r, shell scripting, html, html5, css, css3, less, xml, json, ajax, rest, soap, angular, angularjs, node, express, jquery, ember, dojo, spring, spring boot, spring mvc, spring security, hibernate, jpa, struts, jsf, ejb, jsp, servlet, mybatis, apache camel, sql, mysql, oracle, sql server, cassandra, db2, aws, ec2, s3, lambda, cloud foundry, docker, jenkins, git, github, svn, junit, mockito, maven, gradle, ant, agile, scrum, waterfall, ci/cd, soa, linux, unix, windows, jira, postman, soapui, soap ui, apache cxf, jersey",72
"R_104",NA,14,"Lead","java, c\+\+, scala, go, perl, r, html, css, less, xml, rest, ember, spring, hibernate, sql, mysql, oracle, sql server, db2, teradata, aws, ec2, jenkins, puppet, chef, git, maven, ant, hadoop, ssrs, agile, scrum, waterfall, devops, linux, unix, windows, solaris, aix, jira, excel, visio, nagios, ios, informatica, ssis, data warehouse",47
"R_105",NA,8,"Lead","java, python, javascript, c\+\+, groovy, go, perl, r, matlab, html, html5, css, css3, xml, json, ajax, rest, soap, angular, angularjs, vue, vuejs, node, nodejs, jquery, extjs, dojo, spring, spring boot, spring mvc, hibernate, jpa, struts, jsf, ejb, jsp, servlet, sql, mysql, oracle, sql server, mongodb, cassandra, elasticsearch, db2, aws, s3, jenkins, git, svn, clearcase, junit, mocha, maven, ant, gulp, kafka, storm, agile, scrum, microservices, soa, rest api, linux, unix, windows, mac os, solaris, jira, ms office, excel, visio, ios, ssis, soap ui, mule esb, apache cxf, jersey",78
"R_106",NA,7,"Senior","java, python, javascript, typescript, c\+\+, scala, go, perl, r, bash, html, html5, css, css3, xml, json, ajax, rest, soap, angular, angularjs, node, nodejs, express, jquery, backbone, spring, spring boot, spring mvc, spring security, hibernate, jpa, struts, jsf, ejb, jsp, servlet, sql, mysql, oracle, sql server, mongodb, cassandra, dynamodb, elasticsearch, db2, aws, azure, ec2, s3, lambda, cloudfront, docker, kubernetes, jenkins, gitlab, ansible, puppet, chef, git, github, gitlab, svn, bitbucket, clearcase, junit, selenium, cucumber, mockito, maven, gradle, ant, hive, kafka, sqoop, ssrs, agile, scrum, tdd, microservices, soa, rest api, linux, unix, windows, jira, confluence, excel, visio, etl, informatica, ssis, jersey",93
"R_107",NA,109,"Lead","java, python, javascript, c\+\+, scala, groovy, go, perl, r, shell scripting, html, html5, css, css3, less, xml, json, ajax, rest, soap, angular, angularjs, node, express, jquery, backbone, spring, spring boot, hibernate, jpa, struts, jsf, ejb, jsp, servlet, mybatis, sql, mysql, oracle, sql server, mongodb, cassandra, db2, aws, ec2, s3, docker, jenkins, ansible, git, svn, clearcase, junit, selenium, cucumber, jasmine, protractor, karma, maven, ant, grunt, spark, kafka, storm, jasper reports, wordpress, adobe experience manager, agile, scrum, waterfall, tdd, bdd, soa, linux, unix, windows, solaris, jira, ms office, excel, visio, splunk, ios, soap ui, apache cxf",85
"R_108",NA,4,"Mid","java, c\+\+, c#, scala, go, r, vb\.net, html, xml, jsp, sql, oracle, sql server, ant, storm, cognos, agile, scrum, waterfall, jira, ms office, excel, visio, ssis, data warehouse",25
"R_109",NA,9,"Lead","java, javascript, go, php, r, html, css, soap, angular, jquery, ember, laravel, symfony, zend, sql, mysql, ant, drupal, wordpress, joomla, magento, soa",22
"R_110",NA,17,"Lead","java, python, javascript, scala, go, perl, r, html, html5, css, css3, xml, json, ajax, rest, soap, react, angular, angularjs, node, jquery, backbone, polymer, spring, spring boot, spring mvc, spring security, hibernate, jpa, struts, jsf, ejb, jsp, servlet, apache camel, sql, mysql, oracle, sql server, mongodb, cassandra, couchdb, db2, aws, azure, ec2, s3, lambda, cloudfront, cloud foundry, docker, kubernetes, jenkins, bamboo, git, github, svn, clearcase, junit, selenium, mocha, jasmine, mockito, karma, maven, gradle, ant, grunt, ssrs, crystal reports, jasper reports, agile, scrum, waterfall, tdd, microservices, soa, linux, unix, windows, jira, excel, visio, soap ui",84
"R_111",NA,95,"Lead","java, javascript, scala, go, php, r, html, html5, css, css3, less, xml, json, ajax, rest, soap, react, angular, node, express, jquery, backbone, ember, dojo, spring, spring boot, spring mvc, spring security, hibernate, jpa, struts, jsf, ejb, jsp, servlet, sql, mysql, oracle, sql server, mongodb, cassandra, db2, aws, azure, s3, jenkins, git, github, svn, junit, testng, jasmine, mockito, protractor, karma, maven, gradle, ant, grunt, agile, scrum, waterfall, ci/cd, tdd, microservices, soa, linux, unix, windows, jira, confluence, excel, visio, soapui, etl, ssis, soap ui",77
"R_112",NA,95,"Lead","java, javascript, c\+\+, scala, groovy, kotlin, go, perl, r, html, html5, css, css3, less, xml, json, ajax, rest, soap, react, angular, angularjs, node, nodejs, express, jquery, backbone, ember, dojo, spring, spring boot, spring mvc, spring security, hibernate, jpa, struts, jsf, ejb, jsp, servlet, sql, mysql, oracle, sql server, mongodb, cassandra, hbase, db2, aws, azure, ec2, s3, lambda, cloud foundry, openshift, docker, kubernetes, jenkins, ansible, puppet, git, github, svn, junit, selenium, cucumber, jasmine, mockito, protractor, karma, maven, gradle, ant, grunt, kafka, hbase, aem, agile, scrum, waterfall, ci/cd, tdd, microservices, soa, rest api, linux, unix, windows, jira, excel, visio, postman, soapui, splunk, etl, soap ui",96
"R_113",NA,11,"Lead","java, javascript, c#, scala, go, r, html, xml, rest, ember, sql, ant, agile, scrum, waterfall, windows, ms office, excel, ios",19
"R_114",NA,17,"Lead","java, javascript, c\+\+, c#, scala, go, r, html, css, xml, ajax, rest, soap, jquery, ember, sql, mysql, oracle, sql server, git, junit, ant, tableau, ssrs, microstrategy, sitecore, agile, scrum, waterfall, soa, windows, jira, ms office, excel, visio, soapui, ios, etl, informatica, ssis, data warehouse, soap ui",42
"R_115",NA,4,"Mid","go, r, html, less, ember, sql, oracle, sql server, db2, teradata, ant, tableau, crystal reports, agile, scrum, waterfall, unix, windows, jira, confluence, ms office, excel, visio, ios, ssis, olap",26
"R_116",NA,19,"Lead","java, javascript, c\+\+, scala, go, perl, r, shell scripting, html, html5, css, css3, sass, less, xml, json, ajax, rest, soap, react, reactjs, angular, angularjs, node, nodejs, express, jquery, backbone, extjs, spring, spring boot, spring mvc, spring security, hibernate, jpa, struts, jsf, ejb, jsp, servlet, flask, sql, mysql, oracle, sql server, mongodb, cassandra, db2, aws, ec2, s3, lambda, docker, jenkins, git, svn, clearcase, junit, testng, selenium, jasmine, mockito, karma, maven, gradle, ant, webpack, gulp, kafka, agile, scrum, devops, tdd, soa, rest api, linux, unix, windows, jira, excel, visio, postman, splunk, ios, soap ui, jersey",86
"R_117",NA,8,"Lead","scala, go, r, html, css, ember, sql, oracle, sql server, db2, ant, storm, cognos, ssrs, crystal reports, agile, scrum, waterfall, soa, windows, mac os, jira, ms office, excel, visio, ios, etl, informatica, ssis, data warehouse",30
"R_118",NA,10,"Lead","java, python, javascript, c\+\+, c#, scala, groovy, go, php, ruby, r, html, html5, css, css3, less, xml, json, ajax, rest, soap, websocket, angular, angularjs, node, express, jquery, backbone, ember, extjs, dojo, spring, spring mvc, hibernate, jpa, struts, jsf, ejb, jsp, servlet, django, flask, bottle, sql, mysql, postgresql, oracle, sql server, mongodb, cassandra, redis, elasticsearch, db2, aws, azure, ec2, s3, jenkins, puppet, chef, svn, clearcase, junit, selenium, mockito, maven, ant, hadoop, spark, hive, kafka, sqoop, cognos, ssrs, jasper reports, pentaho, drupal, wordpress, agile, scrum, waterfall, tdd, soa, rest api, linux, unix, windows, ubuntu, centos, solaris, jira, splunk, informatica, ssis, soap ui, apache cxf",96
"R_119",NA,13,"Lead","java, scala, go, r, less, ember, oracle, aws, azure, ant, agile, scrum, unix, windows, jira, ms office, excel, visio, ios",19
"R_120",NA,6,"Senior","java, javascript, c\+\+, go, r, shell scripting, html, html5, css, css3, less, xml, json, ajax, rest, soap, react, reactjs, angular, angularjs, node, nodejs, express, jquery, backbone, ember, meteor, dojo, spring, spring boot, spring mvc, spring security, hibernate, jpa, struts, jsf, ejb, jsp, servlet, apache camel, sql, mysql, oracle, sql server, cassandra, elasticsearch, db2, aws, azure, ec2, s3, cloud foundry, docker, jenkins, git, github, svn, junit, selenium, mocha, jasmine, mockito, protractor, karma, maven, gradle, ant, webpack, gulp, grunt, npm, kafka, agile, scrum, waterfall, microservices, soa, rest api, linux, unix, windows, jira, visio, splunk, soap ui, apache cxf, jersey",87
"R_121",NA,20,"Lead","java, javascript, go, r, html, angular, ember, servlet, aws, s3, docker, ant, cognos, agile, scrum, waterfall, jira, excel, visio, android, ios, ssis",22
"R_122",NA,17,"Lead","scala, go, perl, r, ember, sql, oracle, db2, aws, ec2, s3, ant, hive, linux, windows, excel, visio, splunk",18
"R_123",NA,NA,"Unknown","java, javascript, c\+\+, scala, groovy, go, r, html, html5, css, css3, less, xml, json, ajax, rest, soap, react, reactjs, angular, angularjs, node, nodejs, express, jquery, knockout, dojo, spring, spring boot, spring mvc, spring security, hibernate, jpa, struts, jsf, ejb, jsp, servlet, sql, mysql, oracle, sql server, mongodb, cassandra, aws, ec2, s3, cloud foundry, docker, jenkins, chef, git, github, svn, junit, selenium, maven, ant, spark, kafka, agile, scrum, tdd, soa, rest api, linux, unix, windows, jira, excel, visio, soapui, ios, etl, soap ui, jersey",76
"R_124",NA,11,"Lead","java, python, javascript, typescript, c\+\+, scala, groovy, go, perl, r, shell scripting, html, html5, css, css3, xml, json, ajax, rest, soap, react, angular, angularjs, jquery, backbone, ember, spring, spring boot, spring mvc, spring security, hibernate, jpa, struts, jsf, ejb, jsp, servlet, apache camel, bottle, sql, mysql, oracle, sql server, mongodb, db2, aws, ec2, s3, cloud foundry, jenkins, git, svn, junit, testng, mockito, maven, ant, spark, kafka, agile, scrum, waterfall, tdd, microservices, soa, rest api, linux, unix, windows, jira, excel, visio, soap ui, mule esb, apache cxf, jersey",76
"R_125",NA,8,"Lead","java, javascript, c\+\+, scala, go, php, perl, r, html, css, xml, rest, jquery, ember, spring, spring mvc, servlet, sql, mysql, oracle, mongodb, db2, ant, drupal, wordpress, joomla, agile, scrum, unix, windows, mac os, solaris, jira, excel, visio, ios, ssis",37
"R_126",NA,2,"Mid","java, python, javascript, scala, go, r, html, html5, css, less, xml, json, rest, soap, ember, sql, mysql, oracle, sql server, dynamodb, hbase, aws, s3, jenkins, selenium, cucumber, maven, ant, storm, hbase, tableau, power bi, cognos, agile, scrum, waterfall, soa, linux, windows, jira, confluence, ms office, excel, visio, soapui, android, ios, etl, informatica, ssis, data warehouse, olap, oltp",53
"R_127",NA,17,"Lead","java, scala, go, r, less, rest, soap, ember, sql, oracle, db2, jenkins, git, github, selenium, maven, ant, storm, agile, scrum, waterfall, devops, soa, jira, ms office, excel, visio, soapui, splunk, ssis",30
"R_128",NA,12,"Lead","java, javascript, go, php, r, shell scripting, html, css, xml, json, ajax, rest, soap, angular, angularjs, jquery, ember, laravel, symfony, codeigniter, zend, cakephp, sql, mysql, postgresql, sqlite, aws, google cloud, git, github, svn, ant, drupal, wordpress, agile, scrum, soa, rest api, linux, unix, windows, mac os",42
"R_129",NA,15,"Lead","java, javascript, c\+\+, c#, scala, go, r, html, html5, css, less, xml, json, ajax, rest, soap, react, angular, jquery, backbone, ember, spring, spring boot, sql, oracle, sql server, mongodb, azure, cloud foundry, jenkins, git, selenium, ant, storm, tableau, agile, scrum, kanban, waterfall, ci/cd, soa, jira, ms office, visio, postman, soapui, splunk, informatica",48
"R_130",NA,13,"Lead","java, javascript, c\+\+, scala, groovy, go, perl, r, html, html5, css, css3, less, xml, json, ajax, rest, soap, angular, angularjs, node, nodejs, jquery, spring, spring boot, spring mvc, hibernate, jpa, struts, jsf, ejb, jsp, servlet, apache camel, sql, mysql, oracle, sql server, mongodb, cassandra, db2, aws, ec2, s3, lambda, cloud foundry, docker, jenkins, git, github, svn, junit, mockito, maven, ant, kafka, agile, scrum, waterfall, devops, tdd, microservices, soa, rest api, linux, unix, windows, ms office, excel, visio, postman, ssis, apache cxf, jersey",74
"R_131",NA,7,"Senior","java, javascript, typescript, c\+\+, scala, go, php, r, shell scripting, html, html5, css, css3, sass, less, xml, json, ajax, rest, soap, react, angular, angularjs, node, nodejs, express, jquery, backbone, ember, spring, spring boot, spring mvc, spring security, hibernate, jpa, struts, jsf, ejb, jsp, servlet, sql, mysql, oracle, sql server, mongodb, cassandra, db2, aws, ec2, s3, lambda, cloud foundry, docker, kubernetes, jenkins, puppet, bamboo, git, svn, junit, selenium, cucumber, mocha, jasmine, mockito, karma, maven, gradle, ant, gulp, grunt, npm, kafka, agile, scrum, waterfall, ci/cd, microservices, soa, linux, unix, windows, aix, excel, ios, soap ui, apache cxf, jersey",88
"R_132",NA,16,"Lead","java, python, javascript, scala, groovy, go, perl, r, html, css, xml, json, ajax, rest, soap, angular, angularjs, node, jquery, ember, spring, spring boot, spring mvc, spring security, hibernate, jpa, struts, jsf, ejb, jsp, servlet, apache camel, sql, mysql, oracle, cassandra, db2, teradata, aws, ec2, s3, cloud foundry, docker, jenkins, git, svn, mercurial, junit, mockito, maven, ant, yarn, hadoop, spark, hive, pig, kafka, mapreduce, yarn, sqoop, flume, agile, scrum, waterfall, microservices, soa, linux, unix, windows, jira, excel, visio, postman, splunk, ssis, data warehouse, soap ui, jersey",78
"R_133",NA,7,"Senior","java, c\+\+, go, r, html, css, xml, json, rest, soap, ember, spring, bottle, sql, oracle, sql server, ant, storm, tableau, agile, scrum, kanban, waterfall, soa, linux, windows, mac os, jira, confluence, ms office, visio, postman, android, ios, ssis, soap ui",36
"R_134",NA,3,"Mid","java, javascript, c\+\+, go, r, html, css, xml, sql, oracle, sql server, ant, tableau, agile, scrum, waterfall, linux, unix, windows, jira, ms office, excel, visio, ios, etl, informatica, ssis, jersey",28
"R_135",NA,8,"Lead","java, python, javascript, go, php, perl, ruby, r, powershell, html, html5, css, css3, less, xml, json, ajax, rest, soap, angular, angularjs, node, jquery, backbone, ember, extjs, dojo, spring, spring mvc, spring security, hibernate, jpa, struts, jsf, ejb, jsp, servlet, django, sql, mysql, oracle, sql server, mongodb, db2, azure, ec2, s3, jenkins, git, svn, mercurial, clearcase, junit, selenium, maven, ant, cognos, jasper reports, drupal, wordpress, agile, scrum, tdd, soa, linux, unix, windows, solaris, aix, jira, confluence, excel, visio, android, ssis, soap ui, apache cxf, jersey",78
"R_136",NA,11,"Lead","java, go, r, html, xml, ember, ejb, jsp, servlet, sql, oracle, sql server, junit, ant, agile, scrum, waterfall, windows, jira, confluence, ms office, excel, visio, ios",24
"R_137",NA,NA,"Unknown","java, javascript, typescript, c\+\+, scala, groovy, go, r, shell scripting, html, html5, css, css3, less, xml, json, ajax, rest, soap, react, angular, angularjs, node, nodejs, express, jquery, ember, dojo, spring, spring boot, spring mvc, spring security, hibernate, jpa, struts, jsf, ejb, jsp, servlet, mybatis, apache camel, sql, mysql, oracle, mongodb, cassandra, redis, db2, aws, ec2, s3, lambda, cloud foundry, docker, kubernetes, jenkins, chef, git, svn, clearcase, junit, selenium, cucumber, mockito, maven, gradle, ant, webpack, spark, pig, kafka, storm, jasper reports, agile, scrum, waterfall, devops, soa, linux, unix, windows, jira, visio, soapui, informatica, soap ui, apache cxf, jersey",88
"R_138",NA,12,"Lead","java, python, javascript, c\+\+, go, r, shell scripting, html, html5, css, css3, xml, json, ajax, rest, soap, react, angular, node, jquery, backbone, ember, polymer, dojo, spring, spring boot, spring mvc, spring security, hibernate, jpa, struts, jsf, ejb, jsp, servlet, sql, mysql, oracle, sql server, mongodb, cassandra, neo4j, db2, aws, s3, lambda, heroku, jenkins, gitlab, git, github, gitlab, svn, clearcase, junit, testng, jasmine, mockito, maven, gradle, ant, npm, spark, kafka, jasper reports, agile, scrum, microservices, soa, linux, unix, windows, jira, soapui, apache cxf, jersey",76
"R_139",NA,19,"Lead","java, python, javascript, c\+\+, c#, scala, go, php, r, vb\.net, html, html5, css, css3, less, xml, angular, node, jquery, ember, spring, hibernate, jsp, servlet, sql, mysql, oracle, sql server, db2, aws, azure, s3, jenkins, git, github, selenium, ant, ssrs, agile, scrum, kanban, linux, jira, confluence, trello, excel, visio, android, ios, ssis",50
"R_140",NA,14,"Lead","java, python, javascript, c\+\+, scala, go, php, perl, r, html, html5, css, css3, less, xml, json, ajax, rest, soap, angular, angularjs, node, express, jquery, spring, spring mvc, hibernate, jpa, struts, jsf, ejb, jsp, servlet, django, sql, mysql, oracle, sql server, cassandra, elasticsearch, db2, aws, ec2, s3, jenkins, git, svn, mercurial, junit, selenium, mockito, maven, ant, cognos, agile, scrum, waterfall, microservices, soa, linux, unix, windows, red hat, solaris, aix, jira, confluence, excel, visio, etl, talend, ssis, data warehouse, soap ui",74
"R_141",NA,12,"Lead","java, python, scala, go, ruby, r, css, less, xml, soap, ember, jpa, sql, oracle, aws, azure, cloud foundry, docker, jenkins, ansible, puppet, git, testng, selenium, cucumber, maven, ant, hadoop, hive, kafka, agile, scrum, waterfall, devops, ci/cd, tdd, bdd, soa, unix, jira, confluence, excel, visio, ios, ssis, soap ui",46
"R_142",NA,17,"Lead","java, javascript, c\+\+, scala, go, r, shell scripting, html, html5, css, css3, less, xml, json, ajax, rest, soap, angular, angularjs, node, nodejs, jquery, backbone, ember, dojo, spring, spring boot, spring mvc, spring security, hibernate, jpa, struts, jsf, ejb, jsp, servlet, apache camel, sql, mysql, oracle, sql server, mongodb, db2, aws, ec2, s3, docker, jenkins, git, svn, junit, mockito, maven, gradle, ant, kafka, jasper reports, agile, scrum, waterfall, tdd, soa, rest api, linux, unix, windows, jira, excel, visio, soapui, ssis, soap ui, jersey",73
"R_143",NA,22,"Lead","java, python, javascript, scala, go, r, shell scripting, html, less, bottle, sql, postgresql, oracle, sql server, db2, aws, git, ant, storm, tableau, power bi, qlikview, cognos, agile, scrum, waterfall, linux, unix, windows, red hat, jira, excel, visio, etl, informatica, data warehouse, olap",37
"R_144",NA,15,"Lead","java, scala, groovy, go, ruby, r, html, css, less, xml, json, ajax, rest, soap, angular, ember, spring, sql, oracle, sql server, jenkins, git, svn, junit, testng, selenium, cucumber, jasmine, protractor, maven, ant, storm, agile, scrum, waterfall, tdd, bdd, soa, linux, unix, windows, mac os, jira, ms office, excel, visio, soapui, android, ios, soap ui",50
"R_145",NA,14,"Lead","go, r, html, css, xml, ember, zend, sql, oracle, git, github, ant, hive, cognos, agile, scrum, waterfall, soa, slack, excel, visio, ios, ssis",23
"R_146",NA,17,"Lead","java, go, r, ember, oracle, ant, agile, scrum, waterfall, windows, jira, visio, ios, ssis",14
"R_147",NA,17,"Lead","java, go, r, ember, oracle, ant, agile, scrum, waterfall, windows, jira, visio, ios, ssis",14
"R_148",NA,8,"Lead","java, python, c\+\+, scala, go, r, shell scripting, rest, ember, sql, oracle, hbase, git, ant, hadoop, spark, hive, hbase, mapreduce, flume, agile, scrum, kanban, waterfall, unix, windows, ms office, excel, visio, tensorflow, pandas, numpy, machine learning, deep learning, nlp, etl, ssis, olap, oltp",39
"R_149",NA,12,"Lead","go, r, sql, oracle, sql server, git, ant, storm, waterfall, ms office, excel, visio, ios, ssis",14
"R_150",NA,38,"Lead","java, javascript, go, php, perl, r, html, html5, css, css3, ajax, rest, jquery, ember, sql, mysql, oracle, s3, ant, wordpress, joomla, woocommerce, windows, ssis",24
"R_151",NA,16,"Lead","java, scala, go, r, xml, ember, sql, git, ant, agile, scrum, waterfall, bdd, soa, windows, jira, ms office, excel, visio, ios, ssis",21
"R_152",NA,NA,"Unknown","java, javascript, c\+\+, scala, groovy, go, perl, r, shell scripting, html, html5, css, css3, less, xml, json, ajax, rest, soap, angular, angularjs, vue, node, nodejs, express, jquery, ember, spring, spring boot, spring mvc, spring security, hibernate, jpa, struts, jsf, ejb, jsp, servlet, apache camel, sql, mysql, oracle, sql server, mongodb, db2, aws, ec2, s3, lambda, cloud foundry, docker, jenkins, vagrant, git, svn, junit, mockito, maven, gradle, ant, kafka, agile, waterfall, soa, linux, unix, windows, jira, excel, visio, splunk, soap ui, apache cxf, jersey",74
"R_153",NA,16,"Lead","java, javascript, c\+\+, scala, go, r, html, html5, css, css3, xml, json, ajax, rest, soap, react, angular, angularjs, node, jquery, backbone, dojo, spring, spring boot, spring mvc, hibernate, jpa, struts, jsf, ejb, jsp, servlet, apache camel, sql, mysql, oracle, sql server, mongodb, db2, aws, ec2, s3, lambda, jenkins, git, svn, junit, jasmine, mockito, karma, maven, ant, gulp, grunt, agile, scrum, waterfall, devops, tdd, bdd, soa, linux, unix, windows, jira, soapui, splunk, ssis, mule esb, apache cxf",70
"R_154",NA,8,"Lead","c\+\+, c#, go, r, xml, ajax, rest, node, ember, sql, oracle, sql server, ec2, git, ant, tableau, qlikview, cognos, agile, scrum, waterfall, linux, unix, windows, jira, ms office, excel, visio, ios, ssis",30
"R_155",NA,7,"Senior","java, javascript, c\+\+, go, r, shell scripting, html, html5, css, xml, json, ajax, rest, soap, react, reactjs, angular, angularjs, node, nodejs, jquery, spring, spring boot, spring mvc, spring security, hibernate, jpa, struts, jsf, ejb, jsp, servlet, apache camel, sql, mysql, oracle, mongodb, dynamodb, db2, aws, ec2, s3, cloud foundry, docker, jenkins, ansible, chef, git, svn, junit, selenium, mocha, mockito, maven, ant, agile, scrum, waterfall, ci/cd, tdd, microservices, soa, rest api, linux, unix, windows, jira, visio, soap ui",69
"R_156",NA,NA,"Unknown","java, javascript, c\+\+, c#, groovy, go, r, html, html5, css, xml, json, ajax, rest, soap, angular, angularjs, node, nodejs, jquery, backbone, ember, dojo, spring, spring boot, spring mvc, hibernate, struts, jsf, ejb, jsp, servlet, sql, oracle, sql server, db2, jenkins, git, svn, clearcase, junit, maven, ant, grunt, jasper reports, agile, scrum, tdd, microservices, soa, linux, unix, windows, jira, excel, visio, ssis",57
"R_157",NA,16,"Lead","java, javascript, c#, go, ruby, r, html, css, ember, sql, oracle, sql server, db2, ant, storm, agile, waterfall, linux, unix, windows, mac os, ms office, excel, visio, ios, etl, ssis, data warehouse",28
"R_158",NA,8,"Lead","java, python, javascript, scala, go, r, shell scripting, html, html5, css, css3, sass, less, xml, json, ajax, rest, soap, react, angular, angularjs, node, nodejs, jquery, backbone, ember, dojo, spring, spring boot, hibernate, jpa, struts, jsf, ejb, jsp, servlet, sql, mysql, oracle, sql server, cassandra, aws, s3, jenkins, git, svn, junit, testng, selenium, cucumber, jasmine, maven, ant, webpack, grunt, hadoop, mapreduce, wordpress, agile, scrum, waterfall, tdd, microservices, soa, linux, unix, windows, jira, splunk, ios",70
"R_159",NA,6,"Senior","java, python, javascript, typescript, c\+\+, c#, scala, go, php, r, shell scripting, html, html5, css, css3, less, xml, json, ajax, rest, soap, react, angular, node, nodejs, jquery, backbone, knockout, dojo, spring, spring mvc, hibernate, jpa, struts, jsf, ejb, jsp, servlet, django, symfony, sql, mysql, oracle, mongodb, cassandra, hbase, db2, aws, ec2, s3, docker, git, github, svn, junit, selenium, maven, ant, grunt, npm, hadoop, spark, hive, pig, kafka, storm, hbase, mapreduce, sqoop, flume, drupal, agile, scrum, waterfall, tdd, soa, linux, unix, windows, ubuntu, centos, mac os, solaris, jira, excel, visio, data warehouse, olap, oltp, soap ui",90
"R_160",NA,8,"Lead","java, python, javascript, typescript, c\+\+, scala, groovy, go, perl, ruby, r, shell scripting, html, html5, css, css3, sass, less, xml, json, ajax, rest, soap, react, reactjs, angular, angularjs, node, nodejs, express, jquery, backbone, ember, spring, spring boot, spring mvc, hibernate, jpa, struts, jsf, ejb, jsp, servlet, django, flask, sql, mysql, oracle, sql server, mongodb, db2, aws, s3, lambda, jenkins, git, svn, clearcase, junit, mockito, maven, ant, agile, scrum, tdd, soa, rest api, linux, unix, windows, jira, excel, visio, etl, informatica, soap ui, jersey",77
"R_161",NA,7,"Senior","java, python, javascript, c\+\+, scala, groovy, go, php, r, shell scripting, html, html5, css, css3, less, xml, json, ajax, rest, soap, react, reactjs, angular, angularjs, node, nodejs, express, expressjs, jquery, backbone, extjs, spring, spring boot, spring mvc, spring security, hibernate, struts, jsf, ejb, jsp, servlet, mybatis, apache camel, sql, mysql, postgresql, oracle, sql server, mongodb, cassandra, redis, db2, aws, google cloud, ec2, s3, lambda, cloud foundry, docker, jenkins, git, github, svn, junit, selenium, cucumber, mocha, jasmine, mockito, karma, maven, gradle, ant, hadoop, pig, kafka, flume, agile, devops, tdd, microservices, soa, linux, unix, windows, solaris, jira, excel, visio, postman, soapui, soap ui, apache cxf, jersey",94
"R_162",NA,18,"Lead","c\+\+, scala, go, r, less, ember, sql, oracle, git, svn, ant, tableau, agile, scrum, kanban, waterfall, unix, windows, jira, confluence, excel, visio, ssis, jersey",24
"R_163",NA,18,"Lead","c\+\+, scala, go, r, less, ember, sql, oracle, git, svn, ant, tableau, agile, scrum, kanban, waterfall, unix, windows, jira, confluence, excel, visio, ssis, jersey",24
"R_164",NA,6,"Senior","java, javascript, typescript, c\+\+, go, r, html, html5, css, css3, xml, json, ajax, rest, soap, react, angular, angularjs, node, nodejs, express, jquery, backbone, dojo, spring, spring boot, spring mvc, spring security, hibernate, jpa, struts, jsf, ejb, jsp, servlet, apache camel, bottle, sql, mysql, oracle, sql server, mongodb, cassandra, db2, aws, ec2, s3, lambda, cloud foundry, docker, jenkins, chef, bamboo, git, svn, junit, testng, selenium, cucumber, mockito, protractor, maven, gradle, ant, jasper reports, agile, scrum, waterfall, devops, tdd, soa, linux, unix, windows, jira, soap ui, apache cxf, jersey",78
"R_165",NA,13,"Lead","scala, go, r, less, xml, rest, ember, sql, sql server, ant, storm, agile, scrum, waterfall, jira, excel, visio, ios, ssis",19
"R_166",NA,3,"Mid","java, javascript, c\+\+, go, r, html, html5, css, css3, less, xml, json, ajax, rest, soap, react, reactjs, angular, angularjs, node, jquery, backbone, ember, knockout, dojo, spring, spring boot, spring mvc, hibernate, jpa, struts, jsf, ejb, jsp, servlet, sql, mysql, postgresql, oracle, sql server, mongodb, db2, s3, jenkins, git, github, svn, junit, testng, selenium, mockito, maven, gradle, ant, kafka, agile, scrum, waterfall, tdd, soa, linux, unix, windows, jira, excel, visio, soap ui, mule esb, jersey",69
"R_167",NA,17,"Lead","java, scala, go, r, ember, sql, oracle, db2, aws, git, agile, scrum, waterfall, jira, confluence, visio, ssis",17
"R_168",NA,8,"Lead","java, python, javascript, c\+\+, scala, groovy, go, perl, ruby, r, bash, shell scripting, powershell, html, html5, css, css3, less, xml, json, ajax, rest, soap, react, angular, angularjs, node, nodejs, express, jquery, backbone, knockout, extjs, dojo, spring, spring boot, spring mvc, hibernate, struts, jsf, ejb, jsp, servlet, sql, mysql, postgresql, oracle, sql server, mongodb, cassandra, dynamodb, hbase, db2, aws, ec2, s3, lambda, git, svn, junit, mockito, maven, ant, grunt, hadoop, spark, hive, pig, kafka, hbase, mapreduce, flume, crystal reports, drupal, agile, scrum, waterfall, tdd, microservices, soa, linux, unix, windows, ubuntu, solaris, jira, excel, visio, soapui, machine learning, soap ui",91
"R_169",NA,19,"Lead","java, javascript, c\+\+, go, ruby, r, html, html5, css, css3, sass, less, xml, json, ajax, rest, soap, react, reactjs, angular, angularjs, node, jquery, backbone, ember, knockout, extjs, dojo, spring, spring boot, spring mvc, hibernate, jpa, struts, jsf, ejb, jsp, servlet, sql, mysql, postgresql, oracle, sql server, cassandra, aws, s3, jenkins, git, svn, junit, testng, selenium, cucumber, jasmine, mockito, protractor, karma, maven, ant, ssrs, agile, scrum, waterfall, ci/cd, tdd, soa, linux, unix, windows, ms office, excel, visio, ionic, cordova, informatica, soap ui, apache cxf",77
"R_170",NA,16,"Lead","go, r, rest, express, ember, sql, oracle, sql server, teradata, clearcase, ant, storm, tableau, agile, scrum, kanban, waterfall, devops, linux, unix, windows, jira, confluence, ms office, excel, visio, ios, informatica, ssis",29
"R_171",NA,13,"Lead","java, javascript, c#, scala, r, html, xml, ember, sql, oracle, sql server, git, ant, storm, ssrs, agile, unix, windows, jira, ms office, excel, visio, android, ios, etl, ssis",26
"R_172",NA,16,"Lead","java, javascript, go, r, html, html5, css, css3, xml, json, ajax, rest, soap, node, ember, sql, mysql, oracle, sql server, db2, teradata, s3, selenium, ant, tableau, power bi, cognos, ssrs, agile, scrum, kanban, waterfall, soa, windows, jira, ms office, excel, visio, ios, etl, informatica, ssis, data warehouse, olap, oltp",45
"R_173",NA,7,"Senior","java, javascript, c\+\+, go, perl, r, shell scripting, html, html5, css, css3, sass, less, xml, json, ajax, rest, soap, react, reactjs, angular, angularjs, node, express, jquery, backbone, ember, dojo, spring, spring boot, spring mvc, spring security, hibernate, struts, jsf, ejb, jsp, servlet, sql, mysql, oracle, sql server, mongodb, cassandra, hbase, aws, azure, ec2, s3, docker, jenkins, vagrant, git, github, svn, junit, selenium, cucumber, mockito, maven, gradle, ant, hadoop, spark, hive, pig, kafka, hbase, mapreduce, sqoop, jasper reports, agile, scrum, waterfall, tdd, microservices, soa, linux, unix, windows, jira, visio, splunk, react native, soap ui",85
"R_174",NA,9,"Lead","go, r, ember, sql, oracle, sql server, teradata, ant, tableau, crystal reports, agile, scrum, kanban, waterfall, tdd, bdd, jira, excel, visio, ssis, data warehouse, jersey",22
"R_175",NA,14,"Lead","java, javascript, scala, go, r, shell scripting, html, css, less, xml, ajax, rest, soap, angular, angularjs, express, jquery, ember, spring, spring boot, spring mvc, hibernate, struts, jsp, servlet, sql, mysql, oracle, sql server, cassandra, hbase, db2, s3, git, svn, clearcase, junit, maven, ant, yarn, hadoop, spark, hive, pig, kafka, hbase, mapreduce, yarn, sqoop, flume, agile, scrum, soa, rest api, linux, unix, windows, excel, visio, nlp, oltp",61
"R_176",NA,106,"Lead","java, scala, go, r, less, xml, rest, react, ember, bottle, sql, sql server, git, clearcase, ant, storm, ssrs, agile, scrum, waterfall, windows, jira, ms office, excel, visio, ios, ssis, jersey",28
"R_177",NA,8,"Lead","java, javascript, typescript, c\+\+, go, r, html, html5, css, css3, xml, json, ajax, rest, soap, react, reactjs, angular, angularjs, node, nodejs, express, jquery, backbone, extjs, spring, spring boot, spring mvc, spring security, hibernate, jpa, struts, jsf, ejb, jsp, servlet, sql, mysql, oracle, cassandra, db2, teradata, s3, lambda, svn, clearcase, junit, maven, ant, npm, agile, scrum, soa, rest api, linux, unix, windows, jira, ms office, excel, visio, ssis, soap ui, apache cxf",64
"R_178",NA,8,"Lead","java, python, javascript, c\+\+, scala, go, php, perl, ruby, r, shell scripting, powershell, html, html5, css, css3, sass, less, xml, json, ajax, rest, soap, react, angular, angularjs, node, nodejs, express, jquery, backbone, polymer, extjs, spring, spring boot, spring mvc, spring security, hibernate, jpa, struts, jsf, ejb, jsp, servlet, sql, mysql, oracle, sql server, mongodb, cassandra, hbase, db2, teradata, aws, azure, ec2, s3, lambda, cloudfront, cloud foundry, docker, kubernetes, jenkins, git, github, svn, junit, selenium, cucumber, maven, ant, hadoop, spark, hive, pig, kafka, hbase, sqoop, agile, scrum, devops, ci/cd, tdd, bdd, microservices, soa, rest api, linux, unix, windows, jira, excel, visio, ios, etl, ssis, data warehouse, soap ui",98
"R_179",NA,12,"Lead","scala, go, r, less, express, bottle, sql, oracle, sql server, git, ant, tableau, qlikview, crystal reports, agile, scrum, waterfall, jira, ms office, excel, visio, splunk, ssis",23
"R_180",NA,8,"Lead","java, python, javascript, typescript, c\+\+, scala, go, r, shell scripting, html, html5, css, css3, xml, json, ajax, rest, soap, react, reactjs, angular, angularjs, vue, node, nodejs, express, jquery, backbone, ember, polymer, extjs, spring, spring boot, spring mvc, spring security, hibernate, jpa, struts, jsf, ejb, jsp, servlet, sql, mysql, oracle, sql server, mongodb, cassandra, db2, aws, azure, ec2, s3, lambda, cloud foundry, heroku, docker, jenkins, ansible, git, github, svn, junit, selenium, mockito, maven, gradle, ant, grunt, yarn, spark, kafka, storm, yarn, jasper reports, agile, scrum, waterfall, devops, ci/cd, tdd, microservices, soa, linux, unix, windows, ubuntu, mac os, jira, visio, splunk, ios, soap ui, jersey",94
"R_181",NA,7,"Senior","java, javascript, scala, go, r, html, css, xml, json, rest, soap, ember, sql, mysql, oracle, sql server, ant, storm, tableau, ssrs, agile, scrum, waterfall, soa, jira, ms office, excel, visio, ios, etl, informatica, ssis, data warehouse, olap, oltp",35
"R_182",NA,16,"Lead","java, go, r, rest, ember, jsp, servlet, sql, sql server, ant, storm, agile, scrum, waterfall, windows, jira, ms office, excel, visio, ios, etl, ssis, data warehouse, jersey",24
"R_183",NA,8,"Lead","java, javascript, go, r, bash, powershell, html, html5, css, css3, xml, rest, angular, angularjs, jquery, spring, spring boot, spring mvc, hibernate, jpa, jsf, jsp, sql, mysql, oracle, hbase, s3, jenkins, chef, git, bitbucket, junit, cucumber, maven, ant, hadoop, spark, hive, kafka, hbase, agile, scrum, linux, windows, jira, excel, postman, informatica",48
"R_184",NA,8,"Lead","java, python, javascript, c\+\+, go, php, perl, r, html, html5, css, sass, less, xml, json, ajax, rest, soap, react, reactjs, angular, angularjs, node, nodejs, express, expressjs, jquery, backbone, ember, spring, spring boot, spring mvc, spring security, hibernate, jpa, struts, jsf, ejb, jsp, servlet, apache camel, django, sql, mysql, oracle, sql server, mongodb, cassandra, dynamodb, db2, aws, ec2, s3, lambda, docker, kubernetes, jenkins, git, github, svn, junit, testng, selenium, cucumber, mockito, karma, maven, gradle, ant, gulp, grunt, npm, kafka, storm, agile, scrum, waterfall, ci/cd, tdd, microservices, soa, rest api, linux, unix, jira, splunk, ios, ssis",88
"R_185",NA,13,"Lead","java, javascript, c\+\+, scala, groovy, go, php, perl, ruby, r, shell scripting, html, html5, css, css3, less, xml, json, ajax, rest, soap, angular, node, express, jquery, extjs, dojo, spring, spring mvc, hibernate, struts, jsf, ejb, jsp, servlet, flask, sql, mysql, oracle, sql server, mongodb, cassandra, elasticsearch, db2, aws, azure, ec2, s3, cloud foundry, docker, jenkins, vagrant, git, svn, junit, testng, selenium, cucumber, jest, mockito, maven, gradle, ant, npm, spark, hive, crystal reports, agile, scrum, waterfall, devops, tdd, microservices, soa, linux, unix, windows, solaris, visio, soapui, ios, etl, soap ui",83
"R_186",NA,0,"Junior","java, javascript, c#, scala, go, perl, r, html, html5, css, css3, sass, xml, json, ajax, rest, soap, react, angular, angularjs, node, nodejs, express, jquery, ember, spring, spring boot, spring mvc, spring security, hibernate, jpa, struts, ejb, jsp, servlet, apache camel, sql, mysql, postgresql, oracle, sql server, mongodb, db2, aws, ec2, s3, lambda, docker, kubernetes, jenkins, git, github, svn, junit, selenium, mockito, maven, gradle, ant, gulp, grunt, npm, hive, pig, kafka, ssrs, crystal reports, jasper reports, agile, scrum, waterfall, tdd, soa, rest api, linux, unix, jira, visio, postman, splunk, jersey",81
"R_187",NA,20,"Lead","java, c\+\+, go, r, less, rest, ember, sql, oracle, sql server, teradata, aws, cloud foundry, git, ant, tableau, crystal reports, agile, scrum, waterfall, unix, windows, mac os, solaris, aix, jira, ms office, excel, visio, ios, etl, informatica, ssis, ab initio, data warehouse",35
"R_188",NA,16,"Lead","java, javascript, scala, go, r, bash, html, html5, css, css3, xml, ajax, rest, soap, angular, angularjs, node, nodejs, jquery, ember, extjs, spring, spring boot, spring mvc, spring security, hibernate, jpa, struts, jsf, ejb, jsp, servlet, bottle, sql, mysql, oracle, sql server, mongodb, redis, db2, aws, ec2, s3, docker, jenkins, bamboo, git, svn, junit, cucumber, mockito, maven, gradle, ant, hadoop, hive, kafka, storm, agile, scrum, waterfall, tdd, microservices, soa, unix, windows, ubuntu, solaris, jira, excel, soapui, ios, soap ui, mule esb, apache cxf, jersey",76
"R_189",NA,NA,"Unknown","java, javascript, typescript, c\+\+, scala, groovy, go, php, r, html, html5, css, css3, sass, less, xml, json, ajax, rest, soap, react, reactjs, angular, angularjs, node, nodejs, express, jquery, backbone, ember, dojo, spring, spring boot, spring mvc, spring security, hibernate, jpa, struts, jsf, ejb, jsp, servlet, django, bottle, sql, mysql, oracle, sql server, mongodb, db2, aws, ec2, s3, lambda, cloud foundry, docker, jenkins, git, github, svn, junit, testng, jasmine, mockito, karma, maven, ant, gulp, grunt, kafka, jasper reports, agile, scrum, waterfall, tdd, microservices, soa, rest api, linux, unix, windows, red hat, jira, ms office, excel, visio, soapui, soap ui, apache cxf",89
"R_190",NA,7,"Senior","java, javascript, c\+\+, scala, go, perl, r, bash, html, html5, css, css3, sass, xml, json, ajax, rest, soap, react, angular, angularjs, node, nodejs, express, jquery, backbone, ember, dojo, spring, spring boot, spring mvc, spring security, hibernate, jpa, struts, jsf, ejb, jsp, servlet, apache camel, sql, mysql, oracle, sql server, mongodb, cassandra, db2, aws, ec2, s3, cloud foundry, docker, jenkins, ansible, git, github, svn, junit, testng, selenium, cucumber, jasmine, mockito, protractor, karma, maven, ant, grunt, kafka, jasper reports, agile, scrum, waterfall, tdd, microservices, soa, rest api, linux, unix, windows, solaris, jira, ms office, excel, visio, postman, soapui, ssis, soap ui, mule esb",90
"R_191",NA,16,"Lead","java, javascript, go, r, xml, rest, express, ember, sql, mysql, oracle, sql server, hbase, ant, hive, hbase, tableau, power bi, cognos, crystal reports, agile, scrum, waterfall, bdd, linux, unix, windows, jira, ms office, excel, visio, ios, etl, informatica, ssis, data warehouse",36
"R_192",NA,19,"Lead","java, python, c\+\+, c#, scala, go, perl, r, vb\.net, xml, rest, ember, sql, oracle, sql server, hbase, teradata, aws, azure, ec2, s3, jenkins, git, ant, hadoop, spark, hive, pig, hbase, mapreduce, tableau, qlikview, ssrs, crystal reports, agile, scrum, devops, ci/cd, rest api, windows, jira, excel, visio, splunk, etl, informatica, talend, ssis",48
"R_193",NA,8,"Lead","scala, go, swift, r, less, express, ember, sql, oracle, mocha, ant, agile, scrum, kanban, waterfall, excel, visio, etl, ssis, data warehouse",20
"R_194",NA,13,"Lead","go, r, html, xml, json, rest, soap, ember, sql, oracle, sql server, hbase, cucumber, ant, yarn, hadoop, spark, hive, pig, kafka, storm, hbase, yarn, sqoop, flume, tableau, power bi, cognos, ssrs, agile, scrum, kanban, waterfall, tdd, bdd, soa, rest api, windows, red hat, mac os, jira, confluence, ms office, excel, visio, soapui, ios, etl, informatica, ssis, data warehouse, olap, oltp",53
"R_195",NA,7,"Senior","java, c#, go, r, html, html5, css, xml, ajax, rest, soap, jquery, ember, sql, oracle, sql server, db2, teradata, aws, selenium, ant, hadoop, storm, tableau, qlikview, cognos, crystal reports, microstrategy, agile, scrum, kanban, waterfall, microservices, soa, windows, jira, confluence, ms office, visio, etl, informatica, ssis, data warehouse",43
"R_196",NA,14,"Lead","java, python, javascript, scala, groovy, go, php, ruby, r, shell scripting, html, html5, css, xml, json, ajax, rest, soap, angular, angularjs, node, express, jquery, backbone, ember, spring, hibernate, jpa, struts, jsf, ejb, jsp, servlet, sql, mysql, oracle, sql server, mongodb, cassandra, hbase, db2, aws, ec2, s3, digitalocean, jenkins, puppet, chef, git, svn, clearcase, junit, mockito, maven, ant, hadoop, spark, hive, pig, kafka, hbase, mapreduce, sqoop, flume, agile, scrum, waterfall, devops, tdd, microservices, soa, rest api, linux, unix, windows, red hat, solaris, aix, jira, excel, etl, informatica, apache cxf, jersey",84
"R_197",NA,NA,"Unknown","java, python, javascript, c\+\+, groovy, go, r, bash, shell scripting, powershell, html, html5, css, css3, less, xml, json, ajax, rest, soap, react, reactjs, angular, angularjs, node, nodejs, express, jquery, backbone, dojo, spring, spring boot, spring mvc, spring security, hibernate, jpa, struts, jsf, ejb, jsp, servlet, mybatis, apache camel, sql, mysql, oracle, sql server, mongodb, cassandra, db2, teradata, aws, ec2, s3, lambda, cloud foundry, openshift, docker, kubernetes, jenkins, bamboo, git, github, svn, junit, selenium, mocha, mockito, maven, gradle, ant, kafka, agile, scrum, waterfall, devops, ci/cd, tdd, microservices, soa, rest api, linux, unix, windows, jira, visio, postman, ios, etl, data warehouse, soap ui, jersey",92
"R_198",NA,16,"Lead","java, scala, go, r, shell scripting, ember, sql, oracle, db2, ant, microstrategy, agile, waterfall, unix, windows, jira, confluence, excel, visio, ios, etl, informatica, ssis, ab initio",24
"R_199",NA,12,"Lead","java, javascript, c\+\+, scala, go, r, html, html5, css, xml, json, ajax, rest, soap, angular, angularjs, node, nodejs, express, backbone, ember, spring, spring boot, spring mvc, hibernate, jpa, struts, ejb, jsp, servlet, bottle, sql, mysql, oracle, sql server, mongodb, db2, cloud foundry, git, github, svn, clearcase, junit, maven, gradle, ant, hadoop, hive, pig, agile, scrum, soa, linux, unix, windows, red hat, jira, soapui, android, ios, ssis, data warehouse",62
"R_200",NA,7,"Senior","java, javascript, groovy, go, ruby, r, html, css, xml, ajax, rest, soap, ember, sql, mysql, oracle, sql server, db2, jenkins, git, github, svn, junit, testng, selenium, cucumber, maven, ant, crystal reports, agile, scrum, waterfall, tdd, bdd, soa, linux, unix, windows, jira, ms office, excel, postman, soapui, ios, ssis, soap ui, jersey",47
"R_201",NA,17,"Lead","java, scala, go, swift, r, html, xml, ember, sql, oracle, sql server, db2, ant, ssrs, agile, scrum, soa, linux, unix, windows, solaris, jira, ms office, excel, visio, etl, ssis",27
"R_202",NA,NA,"Unknown","c#, scala, go, perl, r, vb\.net, less, ember, sql, sql server, db2, git, ant, storm, agile, scrum, kanban, waterfall, windows, jira, confluence, excel, visio, android, ios, ssis, data warehouse",27
"R_203",NA,6,"Senior","java, javascript, go, r, shell scripting, html, html5, css, css3, xml, json, ajax, rest, soap, react, reactjs, angular, node, express, jquery, ember, spring, spring boot, spring mvc, spring security, hibernate, jpa, struts, jsf, ejb, jsp, servlet, sql, oracle, sql server, s3, jenkins, git, svn, clearcase, junit, testng, selenium, mockito, maven, gradle, ant, gulp, npm, agile, scrum, waterfall, tdd, soa, linux, unix, windows, mac os, jira, excel, visio, soap ui, jersey",63
"R_204",NA,8,"Lead","java, python, javascript, c\+\+, scala, go, perl, ruby, r, html, html5, css, css3, sass, less, xml, json, ajax, rest, soap, react, reactjs, angular, angularjs, node, express, jquery, backbone, dojo, spring, spring boot, spring mvc, spring security, hibernate, jpa, struts, jsf, ejb, jsp, servlet, sql, mysql, oracle, sql server, mongodb, db2, aws, ec2, s3, jenkins, git, svn, clearcase, junit, testng, selenium, maven, gradle, ant, grunt, hive, kafka, agile, scrum, tdd, microservices, soa, rest api, linux, unix, windows, solaris, aix, jira, excel, visio, ssis, soap ui, apache cxf, jersey",80
"R_205",NA,3,"Mid","scala, go, r, rest, soap, sql, mysql, oracle, sql server, ant, agile, scrum, waterfall, soa, unix, windows, jira, confluence, ms office, excel, visio, ios, etl, ssis, soap ui",25
"R_206",NA,9,"Lead","java, python, javascript, scala, go, perl, r, shell scripting, html, html5, css, css3, xml, json, ajax, rest, soap, react, angular, angularjs, node, nodejs, express, jquery, ember, spring, spring boot, spring mvc, spring security, hibernate, jpa, struts, jsf, ejb, jsp, servlet, apache camel, sql, mysql, oracle, sql server, mongodb, cassandra, dynamodb, elasticsearch, db2, aws, ec2, s3, lambda, cloud foundry, docker, jenkins, ansible, puppet, git, svn, junit, testng, selenium, mockito, maven, gradle, ant, pig, kafka, ssrs, crystal reports, jasper reports, agile, scrum, waterfall, devops, tdd, microservices, soa, rest api, linux, unix, windows, jira, postman, jersey",83
"R_207",NA,8,"Lead","java, python, javascript, scala, go, perl, ruby, r, shell scripting, html, html5, css, css3, sass, less, xml, json, ajax, rest, soap, react, reactjs, angular, angularjs, node, nodejs, express, jquery, backbone, ember, spring, spring boot, spring mvc, spring security, hibernate, jpa, struts, jsf, ejb, jsp, servlet, sql, mysql, postgresql, oracle, sql server, mongodb, cassandra, dynamodb, db2, aws, ec2, s3, lambda, cloud foundry, docker, kubernetes, jenkins, ansible, git, github, svn, junit, testng, selenium, unittest, mockito, maven, gradle, ant, grunt, pig, kafka, ssrs, crystal reports, jasper reports, magento, agile, scrum, waterfall, tdd, microservices, soa, rest api, linux, unix, jira, splunk, android, ios, jersey",91
"R_208",NA,15,"Lead","java, python, javascript, c\+\+, scala, groovy, go, perl, r, shell scripting, html, html5, css, css3, xml, json, ajax, rest, soap, react, reactjs, angular, angularjs, node, nodejs, jquery, backbone, dojo, spring, spring boot, spring mvc, hibernate, jpa, struts, jsf, ejb, jsp, servlet, mybatis, sql, mysql, oracle, sql server, mongodb, cassandra, hbase, db2, teradata, aws, azure, ec2, s3, docker, jenkins, git, github, svn, bitbucket, clearcase, junit, selenium, cucumber, jasmine, karma, maven, gradle, ant, webpack, grunt, hadoop, spark, hive, kafka, hbase, tableau, ssrs, agile, scrum, waterfall, tdd, soa, rest api, linux, unix, windows, red hat, solaris, aix, jira, excel, visio, postman, soapui, ios, machine learning, informatica, ssis, soap ui, apache cxf, jersey",100
"R_209",NA,10,"Lead","go, r, less, rest, express, ember, sql, oracle, sql server, ec2, jenkins, ant, agile, scrum, waterfall, windows, jira, excel, visio, ios, etl, informatica, ssis, jersey",24
"R_210",NA,8,"Lead","java, python, javascript, scala, go, php, perl, r, shell scripting, html, html5, css, css3, sass, less, xml, json, ajax, rest, soap, react, reactjs, angular, angularjs, node, jquery, backbone, spring, jsp, codeigniter, zend, sql, mysql, oracle, sql server, s3, jenkins, git, svn, junit, drupal, wordpress, joomla, magento, ci/cd, soa, rest api, linux, unix, windows, excel",51
"R_211",NA,8,"Lead","java, javascript, c\+\+, groovy, go, r, shell scripting, html, html5, css, css3, less, xml, json, ajax, rest, soap, react, angular, angularjs, node, jquery, backbone, dojo, spring, spring boot, spring mvc, spring security, hibernate, jpa, struts, jsf, ejb, jsp, servlet, apache camel, sql, mysql, oracle, sql server, mongodb, cassandra, db2, s3, jenkins, git, github, svn, junit, selenium, mockito, maven, ant, agile, scrum, waterfall, tdd, microservices, soa, rest api, linux, unix, windows, red hat, solaris, jira, confluence, visio, ios, jersey",70
"R_212",NA,NA,"Unknown","java, python, javascript, c\+\+, scala, groovy, go, perl, r, shell scripting, html, html5, css, css3, xml, ajax, rest, soap, angular, angularjs, node, jquery, backbone, spring, spring boot, spring mvc, hibernate, jpa, struts, jsf, ejb, jsp, servlet, sql, mysql, oracle, sql server, mongodb, cassandra, hbase, db2, aws, azure, ec2, s3, lambda, docker, jenkins, bamboo, junit, selenium, cucumber, ant, yarn, hadoop, spark, hive, pig, kafka, storm, hbase, yarn, sqoop, flume, tableau, agile, soa, windows, jira, visio, machine learning, etl, informatica, talend, data warehouse, olap, soap ui, mule esb, apache cxf",79
"R_213",NA,8,"Lead","java, python, javascript, c\+\+, scala, go, r, shell scripting, html, html5, css, css3, less, xml, json, ajax, rest, soap, react, angular, node, nodejs, express, jquery, backbone, ember, polymer, dojo, spring, spring boot, spring mvc, spring security, hibernate, jpa, struts, jsf, ejb, jsp, servlet, apache camel, sql, mysql, postgresql, oracle, sql server, cassandra, hbase, db2, aws, ec2, s3, docker, jenkins, git, github, svn, junit, testng, selenium, mocha, jasmine, mockito, protractor, karma, maven, ant, gulp, grunt, npm, hadoop, hive, pig, kafka, hbase, sqoop, flume, agile, scrum, waterfall, tdd, microservices, soa, rest api, linux, unix, windows, mac os, jira, excel, visio, soapui, splunk, ios, soap ui, mule esb, apache cxf, jersey",97
"R_214",NA,17,"Lead","java, javascript, scala, groovy, go, r, html, html5, css, css3, sass, less, xml, json, ajax, rest, soap, react, reactjs, angular, angularjs, node, nodejs, express, jquery, backbone, ember, dojo, spring, spring boot, spring mvc, spring security, hibernate, jpa, struts, jsf, ejb, jsp, servlet, apache camel, sql, mysql, oracle, sql server, mongodb, cassandra, redis, db2, aws, ec2, s3, lambda, cloud foundry, docker, kubernetes, jenkins, git, github, svn, junit, testng, selenium, jasmine, mockito, karma, maven, gradle, ant, grunt, pig, kafka, jasper reports, wordpress, aem, adobe experience manager, agile, scrum, waterfall, tdd, microservices, soa, rest api, linux, unix, windows, red hat, solaris, jira, confluence, ms office, excel, visio, soapui, splunk, react native, cordova, soap ui, mule esb, jersey",99
"R_215",NA,17,"Lead","java, javascript, go, perl, r, html, css, xml, rest, soap, ember, sql, mysql, oracle, sql server, teradata, ant, storm, tableau, qlikview, cognos, crystal reports, microstrategy, agile, scrum, waterfall, soa, unix, windows, jira, ms office, excel, visio, soapui, ios, etl, informatica, ssis, data warehouse, soap ui",40
"R_216",NA,NA,"Unknown","java, javascript, c\+\+, scala, go, r, shell scripting, html, html5, css, css3, xml, json, ajax, rest, soap, react, reactjs, angular, angularjs, node, nodejs, express, expressjs, jquery, backbone, ember, spring, spring boot, spring mvc, spring security, hibernate, jpa, struts, jsf, jsp, servlet, mybatis, apache camel, sql, mysql, oracle, sql server, mongodb, db2, aws, azure, ec2, s3, lambda, cloud foundry, docker, jenkins, git, github, svn, junit, mockito, maven, gradle, ant, grunt, kafka, agile, scrum, waterfall, tdd, soa, linux, unix, windows, jira, visio, splunk, android, soap ui, jersey",77
"R_217",NA,17,"Lead","go, r, ember, sql, sql server, ant, agile, scrum, kanban, waterfall, windows, jira, ssis, jersey",14
"R_218",NA,17,"Lead","java, javascript, c#, scala, go, r, html, css, ajax, rest, soap, express, jquery, ember, spring, hibernate, jpa, jsp, servlet, sql, oracle, sql server, db2, junit, ant, tableau, crystal reports, agile, scrum, soa, windows, jira, ms office, excel, visio, ios, etl, informatica, ssis, data warehouse",40
"R_219",NA,16,"Lead","java, javascript, c\+\+, go, r, vb\.net, html, html5, css, css3, less, xml, json, ajax, rest, soap, angular, angularjs, jquery, dojo, spring, spring mvc, spring security, hibernate, jpa, struts, jsf, ejb, jsp, servlet, sql, mysql, oracle, sql server, cassandra, db2, teradata, s3, jenkins, bamboo, git, svn, junit, testng, selenium, cucumber, mockito, maven, ant, kafka, agile, soa, unix, windows, jira, excel, soapui, splunk, soap ui",59
"R_220",NA,16,"Lead","java, javascript, c\+\+, go, r, vb\.net, html, html5, css, css3, less, xml, json, ajax, rest, soap, angular, angularjs, jquery, dojo, spring, spring mvc, spring security, hibernate, jpa, struts, jsf, ejb, jsp, servlet, sql, mysql, oracle, sql server, cassandra, db2, teradata, s3, jenkins, bamboo, git, svn, junit, testng, selenium, cucumber, mockito, maven, ant, kafka, agile, soa, unix, windows, jira, excel, soapui, splunk, soap ui",59
"R_221",NA,12,"Lead","go, r, css, less, json, vue, express, ember, sql, gcp, git, ant, pig, agile, scrum, waterfall, jira, excel, visio, postman, ssis, jersey",22
"R_222",NA,17,"Lead","java, javascript, go, swift, r, html, css, xml, json, ajax, rest, soap, spring, hibernate, struts, ejb, jsp, servlet, sql, oracle, sql server, aws, ec2, s3, junit, cucumber, ant, storm, tableau, cognos, agile, scrum, kanban, waterfall, tdd, bdd, soa, rest api, linux, windows, jira, confluence, ms office, excel, visio, ios, etl, informatica, ssis, data warehouse, olap, oltp, soap ui, jersey",54
"R_223",NA,8,"Lead","java, javascript, c\+\+, scala, go, r, html, xml, json, rest, soap, ember, sql, mysql, oracle, sql server, db2, selenium, cucumber, ant, hadoop, spark, hive, kafka, storm, flume, tableau, power bi, cognos, microstrategy, agile, scrum, kanban, waterfall, devops, tdd, bdd, soa, rest api, linux, unix, windows, jira, confluence, ms office, excel, visio, postman, ios, etl, informatica, ssis, data warehouse, olap, oltp, soap ui",56
"R_224",NA,NA,"Unknown","java, javascript, c\+\+, scala, go, r, shell scripting, html, html5, css, css3, xml, json, ajax, rest, soap, angular, angularjs, node, nodejs, express, jquery, backbone, ember, spring, spring boot, spring mvc, spring security, hibernate, jpa, struts, jsf, ejb, jsp, servlet, sql, mysql, oracle, sql server, mongodb, cassandra, redis, db2, aws, ec2, s3, lambda, docker, jenkins, git, svn, junit, selenium, mockito, maven, gradle, ant, kafka, agile, scrum, kanban, waterfall, tdd, soa, rest api, linux, unix, windows, jira, trello, excel, visio, soapui, apache cxf, jersey",75
